date,CPI,Salary,M1A(期底）金額,M1A年增率,M1B(期底),M1B(年增率),M2(期底),M2(年增率),準備貨幣（通貨淨額）,準備貨幣期底（年增率）,重貼現率,基準放款利率,連鎖實質值_GDP合計_金額(新台幣百萬元),連鎖實質值_GDP合計_對上季增率折成年率(saar%),連鎖實質值_GDP合計_對上季增率(saqr%),連鎖實質值_國內需求_金額(新台幣百萬元),連鎖實質值_國內需求_對上季增率折成年率(saar%),連鎖實質值_國內需求_對上季增率(saqr%),連鎖實質值_民間消費_金額(新台幣百萬元),連鎖實質值_民間消費_對上季增率折成年率(saar%),連鎖實質值_民間消費_對上季增率(saqr%),連鎖實質值_政府消費_金額(新台幣百萬元),連鎖實質值_政府消費_對上季增率折成年率(saar%),連鎖實質值_政府消費_對上季增率(saqr%),連鎖實質值_資本形成_金額(新台幣百萬元),連鎖實質值_資本形成_對上季增率折成年率(saar%),連鎖實質值_資本形成_對上季增率(saqr%),連鎖實質值_國外淨需求_金額(新台幣百萬元),連鎖實質值_商品與服務輸出_金額(新台幣百萬元),連鎖實質值_商品與服務輸出_對上季增率折成年率(saar%),連鎖實質值_商品與服務輸出_對上季增率(saqr%),連鎖實質值_商品與服務輸入_金額(新台幣百萬元),連鎖實質值_商品與服務輸入_對上季增率折成年率(saar%),連鎖實質值_商品與服務輸入_對上季增率(saqr%),道瓊工業指數(DJI),那斯達克指數(IXIC),標準普爾指數(GSPC),上證指數(SSEC),深圳成指(SZSC1),日經指數(N225), 摩台指 ,美元指數(DXM8), 費城半導體(SOX) , 黃金價格(Gold) ,WTI原油(WTIoil),十年期美債利率(TNXbond),台幣兌美元匯率(USD_TWD),台股成交量,外銷訂單指數(Index 2011=100),工業及服務業受僱員工淨進入率(%),核發建照面積(千平方公尺),半導體設備進口值(新台幣百萬元),工業生產指數(Index 2016=100),電力(企業)總用電量(十億度),製造業銷售量指數(Index 2016=100),批發、零售及餐飲業營業額(十億元),非農業部門就業人數(千人),海關出口值(十億元),機械及電機設備進口值(十億元),失業率(單位：％),台股加權指數
2000/1/1,85.39,66132,20094,19.6,47648,23.56,180300,9.19,6354,25.26186162,4.5,7.667,743931,3.83,0.94,932852,5,1.23,500346,8.74,2.12,153678,10.47,2.52,283918,-4.43,-1.13,-167343,394093,24.7,5.67,561435,20.79,4.84,11281.263,4013.494,1425.5855,1463.271052,,18941.60789,,,755.8685,284.894736,27.01421,6.648,30.777619,4200000000000.00 ,25.11,0.24,"2,479.00",,54.77,6.98,66.35,740.32,"8,741.00",355.19,152.53,2.85,9229
2000/2/1,86.33,52188,18823,8.63,46583,17.58,180543,7.65,5922,2.360702276,4.5,7.667,743931,3.83,0.94,932852,5,1.23,500346,8.74,2.12,153678,10.47,2.52,283918,-4.43,-1.13,-167343,394093,24.7,5.67,561435,20.79,4.84,10541.9295,4410.871,1388.8745,1661.345833,,19685.533,,,951.367,300.09,29.2975,6.5185,30.694761,2880000000000.00 ,24.43,0.08,"2,640.00",,52.74,6.95,65.61,746.16,"8,738.00",377.75,149.17,2.74,9891
2000/3/1,85.83,37849,18523,12.7,47454,21.22,182078,8.49,5578,11.44861998,4.625,7.671,743931,3.83,0.94,932852,5,1.23,500346,8.74,2.12,153678,10.47,2.52,283918,-4.43,-1.13,-167343,394093,24.7,5.67,561435,20.79,4.84,10483.39043,4802.98826,1442.212608,1722.663043,,19834.71954,,,1238.701304,285.956521,29.894347,6.247826,30.670869,3960000000000.00 ,22.04,-0.28,"2,339.00",,43.4,6.48,53.18,721.71,"8,654.00",282.41,135.39,2.91,9338
2000/4/1,85.78,37590,18570,14.09,46375,17.2,181348,7.53,5421,10.83700425,4.625,7.671,767931,13.54,3.23,957139,10.83,2.6,504470,3.34,0.82,159342,15.58,3.69,299868,24.44,5.62,-172759,421129,30.4,6.86,593887,25.2,5.78,10944.31053,3863.637368,1461.355263,1817.6925,,19517.672,,,1076.886315,279.78421,25.536842,5.98,30.462,3730000000000.00 ,28.19,0.22,"3,212.00",,56.42,7.59,70.54,758.91,"8,672.00",375.19,165.33,2.83,9369
2000/5/1,86.08,37846,18131,10.89,44730,13.91,179856,6.9,5247,8.849455763,4.625,7.671,767931,13.54,3.23,957139,10.83,2.6,504470,3.34,0.82,159342,15.58,3.69,299868,24.44,5.62,-172759,421129,30.4,6.86,593887,25.2,5.78,10580.26773,3528.416818,1418.479545,1804.162777,,17039.9715,,,1000.80909,274.936363,28.805909,6.428181,30.713913,2310000000000.00 ,27.57,0.15,"2,574.00",,52.94,7.59,64.83,755.14,"8,695.00",382.81,177.78,2.73,8672
2000/6/1,86,38853,18768,4.92,45341,7.03,181637,6.2,5288,5.24299273,4.75,7.671,767931,13.54,3.23,957139,10.83,2.6,504470,3.34,0.82,159342,15.58,3.69,299868,24.44,5.62,-172759,421129,30.4,6.86,593887,25.2,5.78,10582.92591,3865.476818,1461.95909,1924.53409,,16969.28227,,,1165.987727,285.954545,31.53,6.085,30.75909,1980000000000.00 ,29.7,0.06,"2,644.00",,56.17,8.31,68.39,779.74,"8,722.00",411.61,184.67,2.78,8753
2000/7/1,85.83,38851,17882,7.13,44179,8.43,181246,6.02,5211,6.180452551,4.75,7.671,776498,4.54,1.12,956996,-0.06,-0.01,506376,1.52,0.38,158547,-1.98,-0.5,298342,-2.02,-0.51,-168442,440199,19.38,4.53,608641,10.31,2.48,10662.963,4017.685,1473.0025,1971.71619,,16959.9345,,,1118.549,280.663157,29.716315,6.0405,30.913333,1650000000000.00 ,30.84,0.05,"2,147.00",,55.98,8.52,68.71,780.07,"8,742.00",391.04,172.72,2.89,8213
2000/8/1,85.83,37921,18255,7.43,44361,7.11,182138,6.34,5202,6.561081609,4.75,7.671,776498,4.54,1.12,956996,-0.06,-0.01,506376,1.52,0.38,158547,-1.98,-0.5,298342,-2.02,-0.51,-168442,440199,19.38,4.53,608641,10.31,2.48,11014.51217,3909.596956,1485.45826,2066.154782,,16329.8913,,,1051.796086,274.395652,31.137826,5.820869,31.048695,1630000000000.00 ,28.75,0.53,"1,960.00",,55.19,8.34,67,803.5,"8,771.00",428.41,199.31,3.06,7943
2000/9/1,86.46,38492,17584,2.36,42935,2.82,182273,6.14,5149,7.82633786,4.75,7.671,776498,4.54,1.12,956996,-0.06,-0.01,506376,1.52,0.38,158547,-1.98,-0.5,298342,-2.02,-0.51,-168442,440199,19.38,4.53,608641,10.31,2.48,10967.8675,3875.822,1468.054,1940.805238,,16168.286,,,987.6285,273.39,33.867,5.7875,31.14619,1750000000000.00 ,30.39,0.13,"1,833.00",,56.09,8.49,67.46,805.02,"8,798.00",405.17,180.41,3.16,7069
2000/10/1,86.44,37742,17429,1.97,42584,2.42,183192,6.4,5104,10.35794339,4.75,7.671,768344,-4.13,-1.05,943505,-5.52,-1.41,506615,0.19,0.05,154913,-8.86,-2.29,287065,-14.28,-3.78,-152707,416646,-19.75,-5.35,569352,-23.43,-6.46,10440.96409,3333.824545,1390.14409,1940.835294,,15311.6981,,,741.101363,269.80909,32.932272,5.736363,31.770454,1510000000000.00 ,31.76,-0.38,"1,368.00",,56.21,8.33,69.09,803.53,"8,782.00",412.65,186.28,3.1,5837
2000/11/1,86.56,36970,17424,1.68,42851,2.15,184986,6.78,5107,2.934894136,4.75,7.691,768344,-4.13,-1.05,943505,-5.52,-1.41,506615,0.19,0.05,154913,-8.86,-2.29,287065,-14.28,-3.78,-152707,416646,-19.75,-5.35,569352,-23.43,-6.46,10666.06381,3055.415238,1375.037619,2054.72909,,14760.875,,,662.554285,265.875,34.263,5.70238,32.405454,1770000000000.00 ,30.62,-0.02,"1,371.00",,56.86,8.75,68.51,785.2,"8,803.00",436.31,191.05,3.19,5525
2000/12/1,86.61,42041,19026,-3.39,44921,-0.34,188978,6.5,5277,-4.084609418,4.625,7.711,768344,-4.13,-1.05,943505,-5.52,-1.41,506615,0.19,0.05,154913,-8.86,-2.29,287065,-14.28,-3.78,-152707,416646,-19.75,-5.35,569352,-23.43,-6.46,10652.512,2657.8075,1330.9295,2065.835238,,14409.73524,,,588.088,271.515,28.3985,5.228,33.07619,868000000000.00 ,30.01,-0.21,"1,429.00",,55.18,7.73,66.07,777.68,"8,828.00",417.14,176.07,3.23,5072
2001/1/1,86.29,76351,18840,-6.24,46061,-3.33,191250,6.07,6880,0.116594156,4.625,7.711,765277,-1.59,-0.4,920957,-9.22,-2.39,506698,0.07,0.02,160563,15.41,3.65,255842,-36.91,-10.88,-133010,397539,-17.12,-4.59,530549,-24.6,-6.82,10682.74095,2656.864285,1335.639047,2088.886428,,13720.94737,,,678.610476,265.371428,29.259523,5.139523,32.624545,1590000000000.00 ,28.53,-0.3,"2,254.00",,55.06,7.69,64.62,778.63,"8,835.00",408.79,154.13,3.27,5440
2001/2/1,86.03,39126,17825,-5.3,44813,-3.8,191467,6.05,5662,-1.313852133,4.375,7.651,765277,-1.59,-0.4,920957,-9.22,-2.39,506698,0.07,0.02,160563,15.41,3.65,255842,-36.91,-10.88,-133010,397539,-17.12,-4.59,530549,-24.6,-6.82,10774.57474,2449.569473,1305.751578,1955.356111,,13266.27316,,,636.689473,261.805263,29.644736,5.090526,32.2825,2080000000000.00 ,23.88,-0.67,"1,250.00",,46.78,6.93,56.09,733.49,"8,781.00",331.63,140.67,3.35,5876
2001/3/1,86.02,38321,17578,-5.1,44681,-5.84,191628,5.24,5433,-0.552124642,4.125,7.638,765277,-1.59,-0.4,920957,-9.22,-2.39,506698,0.07,0.02,160563,15.41,3.65,255842,-36.91,-10.88,-133010,397539,-17.12,-4.59,530549,-24.6,-6.82,10081.31955,1986.661818,1185.85,2036.784545,,12708.46714,,,594.47909,262.290909,27.271363,4.876818,32.571363,2030000000000.00 ,24.93,-0.58,"1,001.00",,48.96,6.87,58.85,704.18,"8,700.00",336.71,139.9,3.73,5703
2001/4/1,85.73,37484,17104,-7.89,43358,-6.51,190156,4.86,5288,-1.620195676,4,7.613,749488,-8,-2.06,903488,-7.37,-1.9,509736,2.42,0.6,159091,-3.62,-0.92,234530,-29.38,-8.33,-128091,380404,-16.16,-4.31,508494,-15.62,-4.16,10234.516,1933.928,1189.837,2135.007142,,13411.836,,,578.4535,261.08,27.621,5.1225,32.896666,1300000000000.00 ,29.28,-0.58,"1,312.00",,54.33,7.72,66.39,737.24,"8,684.00",389.53,144.97,3.89,5491
2001/5/1,85.67,37769,16702,-7.88,42408,-5.19,190095,5.69,5165,0.110961071,3.75,7.603,749488,-8,-2.06,903488,-7.37,-1.9,509736,2.42,0.6,159091,-3.62,-0.92,234530,-29.38,-8.33,-128091,380404,-16.16,-4.31,508494,-15.62,-4.16,11004.95636,2181.128636,1270.368636,2185.526111,,13975.54571,,,640.596363,272.077272,28.68409,5.368636,33.167391,1010000000000.00 ,27.36,-0.6,"1,358.00",,49.48,7.5,60.24,711.68,"8,650.00",366.9,157.34,3.96,5157
2001/6/1,85.53,39329,17822,-5.04,44588,-1.66,193402,6.48,5277,3.374923508,3.5,7.603,749488,-8,-2.06,903488,-7.37,-1.9,509736,2.42,0.6,159091,-3.62,-0.92,234530,-29.38,-8.33,-128091,380404,-16.16,-4.31,508494,-15.62,-4.16,10767.1981,2112.052857,1238.710476,2213.973333,,12974.89333,,,620.964285,271.005,27.584761,5.254285,34.285714,855000000000.00 ,27.55,-0.46,"1,473.00",,51.51,8.08,61.28,705.18,"8,642.00",342.38,127.27,4.22,5049
2001/7/1,85.8,38806,17775,-0.6,43835,-0.78,193119,6.55,5164,4.125811259,3.5,7.595,739299,-5.33,-1.36,884056,-8.33,-2.15,511352,1.27,0.32,158174,-2.29,-0.58,212112,-33.09,-9.56,-110443,359153,-20.54,-5.59,469595,-27.26,-7.65,10444.50048,2033.978571,1204.449523,2138.423181,,12151.11286,,,583.52,267.523809,26.467142,5.200476,34.755909,808000000000.00 ,26.94,-0.64,"1,099.00",,48.63,8.66,57.92,710.36,"8,662.00",360.71,127.65,4.51,4452
2001/8/1,85.83,39669,17177,-5.91,43816,-1.23,193797,6.4,5133,-1.316036177,3.25,7.585,739299,-5.33,-1.36,884056,-8.33,-2.15,511352,1.27,0.32,158174,-2.29,-0.58,212112,-33.09,-9.56,-110443,359153,-20.54,-5.59,469595,-27.26,-7.65,10314.68261,1929.712608,1178.503913,1909.029565,,11576.20565,,,589.521304,272.895652,27.30913,4.962608,34.588695,1060000000000.00 ,26.31,-0.1,958,,48.33,8.86,57.58,719.81,"8,663.00",347.44,132.07,4.92,4495
2001/9/1,86.1,38320,17452,-0.75,44514,3.68,193935,6.4,5312,1.146103791,2.75,7.543,739299,-5.33,-1.36,884056,-8.33,-2.15,511352,1.27,0.32,158174,-2.29,-0.58,212112,-33.09,-9.56,-110443,359153,-20.54,-5.59,469595,-27.26,-7.65,9042.560666,1573.31,1044.644,1818.3615,,9996.832631,,,441.065333,284.17647,25.925625,4.736666,34.564,566000000000.00 ,27.87,-0.49,982,,51.27,8.47,61.3,736.63,"8,674.00",338.66,118.97,5.17,3949
2001/10/1,86.5,38666,16946,-2.78,44453,4.39,193492,5.62,5128,0.610705281,2.5,7.523,764128,14.13,3.36,886644,1.18,0.29,518959,6.08,1.49,163942,15.4,3.65,199917,-21.09,-5.75,-91353,393395,43.95,9.53,484748,13.55,3.23,9220.750869,1656.42826,1076.590434,1666.545,,10438.89682,,,432.55913,283.369565,22.212608,4.54,34.535652,915000000000.00 ,25.64,-0.67,730,,47.14,8,56.27,691.27,"8,640.00",316.01,118.64,5.26,3782
2001/11/1,86.22,37312,16948,-2.73,45725,6.7,193831,4.78,5147,5.962670982,2.25,7.393,764128,14.13,3.36,886644,1.18,0.29,518959,6.08,1.49,163942,15.4,3.65,199917,-21.09,-5.75,-91353,393395,43.95,9.53,484748,13.55,3.23,9721.819523,1870.06238,1129.683333,1674.998181,,10511.21524,,,516.760476,276.11,19.668,4.607619,34.449545,1730000000000.00 ,29.51,-0.51,"1,063.00",,51.89,8.45,61.82,727.53,"8,649.00",410.04,159.56,5.33,4318
2001/12/1,85.37,41354,19187,0.84,50259,11.88,197125,4.31,5257,5.575311927,2.125,7.377,764128,14.13,3.36,886644,1.18,0.29,518959,6.08,1.49,163942,15.4,3.65,199917,-21.09,-5.75,-91353,393395,43.95,9.53,484748,13.55,3.23,9979.882,1977.7105,1144.93,1685.342857,,10496.20105,,,545.3725,275.989473,19.403684,5.048,34.651904,2790000000000.00 ,29.4,-0.17,"1,013.00",,50.16,7.71,61.48,737.54,"8,677.00",362.91,124.93,5.28,5264
2002/1/1,86.06,53924,18592,-1.31,51236,11.24,197974,3.52,5476,-1.8,2.125,7.325,780061,8.6,2.09,901585,6.91,1.69,522981,3.14,0.78,159664,-10.04,-2.61,216249,36.91,8.17,-87707,405124,12.47,2.98,492830,6.84,1.67,9923.80238,1976.768571,1140.207619,1472.1715,,10300.79316,,,552.794761,281.747619,19.729047,4.99238,34.975909,3050000000000.00 ,28.8,-0.08,"1,238.00",,49.61,7.55,59.08,760.8,"8,698.00",367.78,134.46,5.22,5737
2002/2/1,86.12,55844,18999,6.59,52193,16.47,199631,4.26,6110,0.99,2.125,7.325,780061,8.6,2.09,901585,6.91,1.69,522981,3.14,0.78,159664,-10.04,-2.61,216249,36.91,8.17,-87707,405124,12.47,2.98,492830,6.84,1.67,9891.046842,1799.718947,1100.668947,1514.792,,9981.65421,,,538.108421,296.215789,20.755789,4.90421,35.0215,985000000000.00 ,28.7,-0.22,"1,186.00",,51.22,7.59,62.51,732.86,"8,729.00",351.7,128.43,5.14,5748
2002/3/1,85.8,38290,18568,5.63,52447,17.38,199854,4.29,5594,2.13,2.125,7.325,780061,8.6,2.09,901585,6.91,1.69,522981,3.14,0.78,159664,-10.04,-2.61,216249,36.91,8.17,-87707,405124,12.47,2.98,492830,6.84,1.67,10500.9505,1863.0455,1153.791,1628.06,,11448.795,,,596.584,293.963157,24.442,5.273,34.969523,2570000000000.00 ,25.71,-0.11,776,,42.17,6.22,50.62,677.65,"8,706.00",291.12,105.18,5.12,6058
2002/4/1,85.85,38653,18476,8.02,52198,20.39,198847,4.57,5403,4.04,2.125,7.325,798688,9.9,2.39,923675,10.17,2.45,527980,3.88,0.96,164817,13.55,3.23,229331,26.48,6.05,-97929,431042,28.15,6.4,528971,32.72,7.33,10165.18273,1758.802272,1112.034545,1636.691818,,11384.48619,,,566.170454,303.5,26.258181,5.195454,34.867272,2290000000000.00 ,31.88,0.17,"1,060.00",,54.64,7.85,66.76,758.34,"8,708.00",417.99,166.34,5.16,6259
2002/5/1,85.56,38762,18497,10.74,51528,21.5,197690,4,5323,3.19,2.125,7.325,798688,9.9,2.39,923675,10.17,2.45,527980,3.88,0.96,164817,13.55,3.23,229331,26.48,6.05,-97929,431042,28.15,6.4,528971,32.72,7.33,10080.48409,1660.310909,1079.267272,1577.195,,11709.62333,,,507.180454,314.627272,26.953181,5.140909,34.39826,1510000000000.00 ,32.34,0.18,"1,245.00",,54.73,8.08,66,745.46,"8,728.00",395.19,154.58,4.98,5709
2002/6/1,85.53,39132,19667,10.35,52938,18.73,200062,3.44,5235,-6.69,1.875,7.325,798688,9.9,2.39,923675,10.17,2.45,527980,3.88,0.96,164817,13.55,3.23,229331,26.48,6.05,-97929,431042,28.15,6.4,528971,32.72,7.33,9492.436,1505.4885,1014.048,1562.7795,,10965.876,,,421.849,321.13,25.546,4.8955,33.839,1230000000000.00 ,32.87,0.16,"1,485.00",,57.16,9.19,67.4,751.09,"8,742.00",395.69,142.42,5.02,5429
2002/7/1,85.75,38779,18847,6.03,51597,17.7,198396,2.73,5096,2.8,1.875,7.225,796327,-1.18,-0.3,947546,10.74,2.58,533412,4.18,1.03,160014,-11.16,-2.91,254843,52.49,11.12,-131089,432600,1.45,0.36,563689,28.95,6.56,8616.522727,1346.085454,903.585454,1695.69826,,10352.26522,,,359.322727,313.280952,26.94,4.60909,33.23826,1490000000000.00 ,30.83,0.46,"1,106.00",,53.78,8.57,63.52,753.9,"8,752.00",398.5,150.02,5.11,5146
2002/8/1,85.83,39419,19285,12.27,52406,19.61,199035,2.7,5103,4.41,1.875,7.225,796327,-1.18,-0.3,947546,10.74,2.58,533412,4.18,1.03,160014,-11.16,-2.91,254843,52.49,11.12,-131089,432600,1.45,0.36,563689,28.95,6.56,8685.480454,1327.360454,912.552272,1660.593636,,9751.204545,,,321.749545,310.15,28.2,4.241363,33.83409,1270000000000.00 ,31.28,0.84,"1,681.00",,55.96,9.19,65.55,768.78,"8,768.00",387.88,160.64,5.23,4842
2002/9/1,85.63,39596,19046,9.13,51630,15.99,198140,2.17,5100,1.24,1.875,7.225,796327,-1.18,-0.3,947546,10.74,2.58,533412,4.18,1.03,160014,-11.16,-2.91,254843,52.49,11.12,-131089,432600,1.45,0.36,563689,28.95,6.56,8160.776,1251.069,867.812,1619.58,,9354.008421,,,267.6715,319.595,29.67,3.8575,34.510476,937000000000.00 ,32.39,0.28,"1,153.00",,56.12,9.29,65.59,762.24,"8,772.00",381.24,130.08,5.35,4462
2002/10/1,85.63,37498,18921,11.66,51823,16.58,198296,2.48,5086,2.63,1.875,7.225,811367,7.77,1.89,934123,-5.55,-1.42,533679,0.2,0.05,168648,23.39,5.4,230081,-33.56,-9.72,-95307,439888,6.91,1.68,535195,-18.74,-5.05,8048.121739,1241.912173,854.631304,1527.16,,8792.495454,,,258.884347,316.269565,28.863043,3.914782,34.906521,1540000000000.00 ,31.93,-0.09,"1,269.00",,54.38,8.8,64.3,779.75,"8,736.00",402.41,152.5,5.32,4272
2002/11/1,85.75,37211,19272,13.71,52591,15.02,199742,3.05,5209,1.91,1.625,7.1,811367,7.77,1.89,934123,-5.55,-1.42,533679,0.2,0.05,168648,23.39,5.4,230081,-33.56,-9.72,-95307,439888,6.91,1.68,535195,-18.74,-5.05,8625.7245,1409.151,909.927,1464.79,,8700.329,,,329.3145,319.194444,26.189473,4.031,34.617619,1700000000000.00 ,33.62,0.11,"1,845.00",,57.07,8.94,68.36,798.92,"8,741.00",417.22,161.54,5.31,4676
2002/12/1,85.54,41609,20905,8.96,54916,9.27,202105,2.53,5273,7.74,1.625,7.1,811367,7.77,1.89,934123,-5.55,-1.42,533679,0.2,0.05,168648,23.39,5.4,230081,-33.56,-9.72,-95307,439888,6.91,1.68,535195,-18.74,-5.05,8526.659523,1387.151904,899.178571,1401.165454,,8692.9435,,,316.02619,334.928571,29.393333,4.019047,34.75409,1480000000000.00 ,33.57,0.28,"1,367.00",,55.67,8.52,66.79,794.15,"8,765.00",428.8,144.66,5.22,4621
2003/1/1,86.06,73045,21598,16.17,57310,11.85,205526,3.81,7914,6.88,1.625,4.08,817844,3.23,0.8,942228,3.52,0.87,530276,-2.53,-0.64,164723,-8.99,-2.33,247392,33.67,7.52,-99347,447724,7.32,1.78,547070,9.18,2.22,8474.585714,1389.559523,895.83619,1428.1665,,8570.733684,,,307.374285,358.190476,32.699523,4.025238,34.522608,1960000000000.00 ,32.67,0.32,"1,563.00",,56,8.19,67.07,811.66,"8,791.00",425.25,162.82,5.04,4890
2003/2/1,86.12,39401,20063,5.6,55461,6.26,204283,2.33,5957,9.14,1.625,4.015,817844,3.23,0.8,942228,3.52,0.87,530276,-2.53,-0.64,164723,-8.99,-2.33,247392,33.67,7.52,-99347,447724,7.32,1.78,547070,9.18,2.22,7916.183684,1313.261578,837.618947,1501.537333,,8538.473684,,,278.696842,358.536842,35.733157,3.889473,34.707,838000000000.00 ,32.94,,"1,530.00",,57.02,7.85,68.81,795.9,"8,819.00",365.12,141.18,5.03,4586
2003/3/1,85.8,37952,19850,6.9,55182,5.21,203516,1.83,5719,3.11,1.625,3.917,817844,3.23,0.8,942228,3.52,0.87,530276,-2.53,-0.64,164723,-8.99,-2.33,247392,33.67,7.52,-99347,447724,7.32,1.78,547070,9.18,2.22,7977.734761,1348.503809,846.621428,1482.818571,,8169.7485,,,305.765238,340.057142,33.15619,3.796666,34.670476,875000000000.00 ,28.08,-0.14,726,,47.7,7.03,56.14,703.97,"8,799.00",354.29,128.37,5.17,4449
2003/4/1,85.85,38309,19845,7.41,55432,6.2,203328,2.25,5629,0.64,1.625,3.664,792574,-11.8,-3.09,919422,-9.34,-2.42,522750,-5.56,-1.42,156239,-19.06,-5.15,240210,-11.12,-2.9,-106972,440883,-5.97,-1.53,547855,0.57,0.14,8332.08619,1409.830952,890.025714,1549.823636,,7909.389047,,,320.507619,329.285714,28.135714,3.939047,34.772727,1090000000000.00 ,33.62,0.19,"1,551.00",,57.9,8.49,67.96,784.7,"8,815.00",459.31,160.64,5.08,4450
2003/5/1,85.56,38850,20029,8.28,56100,8.87,203811,3.1,5679,4.37,1.625,3.664,792574,-11.8,-3.09,919422,-9.34,-2.42,522750,-5.56,-1.42,156239,-19.06,-5.15,240210,-11.12,-2.9,-106972,440883,-5.97,-1.53,547855,0.57,0.14,8623.414761,1524.182857,935.962857,1547.695333,,8132.364285,,,351.223333,355.928571,28.070476,3.558095,34.646818,848000000000.00 ,34.11,0.02,"1,453.00",,57.28,8.54,67.11,759.14,"8,839.00",420.62,147.91,4.92,4319
2003/6/1,85.53,38336,21199,7.79,57949,9.47,204991,2.46,5703,14.36,1.375,3.598,792574,-11.8,-3.09,919422,-9.34,-2.42,522750,-5.56,-1.42,156239,-19.06,-5.15,240210,-11.12,-2.9,-106972,440883,-5.97,-1.53,547855,0.57,0.14,9098.072857,1631.750952,987.995238,1539.763809,,8895.710476,,,373.084761,356.485714,30.519523,3.323809,34.59,1860000000000.00 ,34.78,-0.08,"1,588.00",,57.99,8.76,66.7,721.7,"8,828.00",408.75,125.95,4.98,4870
2003/7/1,85.75,38875,20687,9.76,58357,13.1,206334,4,5681,3.89,1.375,3.55,835536,23.51,5.42,943967,11.11,2.67,564433,35.92,7.97,165332,25.39,5.82,208798,-42.91,-13.08,-88264,478933,39.25,8.63,567196,14.89,3.53,9154.394545,1716.851363,992.540909,1502.752608,,9676.302727,,,388.335909,351.118181,30.702272,3.952272,34.353913,2760000000000.00 ,35.18,0.18,"1,695.00",,56.73,9.01,66.83,749.64,"8,843.00",421.26,147.61,5.09,5287
2003/8/1,85.83,39694,21309,10.5,59906,14.31,208013,4.51,5762,6.51,1.375,3.525,835536,23.51,5.42,943967,11.11,2.67,564433,35.92,7.97,165332,25.39,5.82,208798,-42.91,-13.08,-88264,478933,39.25,8.63,567196,14.89,3.53,9284.778571,1724.822857,989.531904,1455.381428,,9884.585714,,,410.363333,360.57619,31.597142,4.433809,34.288095,1890000000000.00 ,36.82,0.69,"2,241.00",,60.48,9.58,70.61,793.13,"8,890.00",420.5,153.06,5.16,5447
2003/9/1,85.63,40670,21913,15.05,60808,17.78,208325,5.14,5692,7.57,1.375,3.497,835536,23.51,5.42,943967,11.11,2.67,564433,35.92,7.97,165332,25.39,5.82,208798,-42.91,-13.08,-88264,478933,39.25,8.63,567196,14.89,3.53,9492.537142,1856.224761,1019.441904,1406.182272,,10649.915,,,449.164285,379.366666,28.311428,4.261428,33.963181,1600000000000.00 ,36.51,0.34,"1,792.00",,60.26,9.64,70.06,795.14,"8,914.00",445.91,151.84,5.21,5680
2003/10/1,85.63,38292,22277,17.74,61518,18.71,209257,5.53,5799,8.44,1.375,3.435,871790,18.52,4.34,992352,22.13,5.13,561254,-2.23,-0.56,162536,-6.59,-1.69,269498,177.54,29.07,-106594,512327,30.95,6.97,618921,41.78,9.12,9682.458695,1907.891304,1038.734347,1374.187777,,10717.12909,,,467.254782,378.930434,30.345217,4.265652,33.839565,2150000000000.00 ,38.96,0.31,"1,871.00",,59.73,9.87,70.77,815.47,"8,889.00",452.1,158.59,5.05,5940
2003/11/1,85.75,38138,22829,18.46,62236,18.34,210302,5.29,5893,5.5,1.375,3.435,871790,18.52,4.34,992352,22.13,5.13,561254,-2.23,-0.56,162536,-6.59,-1.69,269498,177.54,29.07,-106594,512327,30.95,6.97,618921,41.78,9.12,9762.200526,1939.253684,1049.898947,1360.7565,,10205.295,,,515.545789,389.817647,31.056111,4.295263,34.0055,1540000000000.00 ,41.06,0.58,"2,122.00",,64.06,9.31,76.73,843.98,"8,922.00",463.51,166.26,4.92,5952
2003/12/1,85.54,43422,25247,20.77,65528,19.32,213583,5.68,6082,3.55,1.375,3.429,871790,18.52,4.34,992352,22.13,5.13,561254,-2.23,-0.56,162536,-6.59,-1.69,269498,177.54,29.07,-106594,512327,30.95,6.97,618921,41.78,9.12,10124.65909,1956.984545,1080.635909,1471.368695,,10295.98048,,,499.340454,408.8,32.14238,4.259545,34.018695,1320000000000.00 ,38.51,0.42,"2,092.00",,62.1,8.83,73.54,834.33,"8,967.00",492.81,184.28,4.71,5853
2004/1/1,86.06,75916,24747,14.58,67622,17.99,217659,5.9,7688,6.06,1.375,3.429,871584,-0.09,-0.02,997322,2.02,0.5,565543,3.09,0.76,167369,12.44,2.97,264455,-7.28,-1.87,-116144,536157,19.94,4.65,652301,23.38,5.39,10540.047,2098.004,1132.5175,1589.92,,10892.75737,,,533.8995,414.726315,34.224736,4.131,33.647272,1610000000000.00 ,39.71,0.46,"2,739.00",,66.69,9.14,78.13,873.3,"9,004.00",501.94,186.39,4.58,6236
2004/2/1,86.12,39575,24385,21.54,67814,22.27,218733,7.07,6641,7.03,1.375,3.429,871584,-0.09,-0.02,997322,2.02,0.5,565543,3.09,0.76,167369,12.44,2.97,264455,-7.28,-1.87,-116144,536157,19.94,4.65,652301,23.38,5.39,10601.49895,2048.36,1143.356315,1681.169,,10631.92421,,,509.877894,403.915789,34.5,4.068947,33.1725,2920000000000.00 ,34.77,-0.21,"2,582.00",,57.12,7.95,68.03,838.92,"9,030.00",421.74,153.48,4.53,6514
2004/3/1,85.8,38947,25350,27.71,68916,24.89,220193,8.19,6459,13.84,1.375,3.425,871584,-0.09,-0.02,997322,2.02,0.5,565543,3.09,0.76,167369,12.44,2.97,264455,-7.28,-1.87,-116144,536157,19.94,4.65,652301,23.38,5.39,10323.72826,1979.478695,1123.97826,1708.435652,,11441.08087,,,484.103043,407.469565,36.71826,3.814782,33.226086,3400000000000.00 ,37.12,0.28,"2,014.00",,60.88,7.84,71.43,802.51,"9,026.00",463.79,177.23,4.61,6658
2004/4/1,85.85,38736,24936,25.65,68843,24.19,220690,8.54,6386,13.13,1.375,3.413,875062,1.61,0.4,1001596,1.73,0.43,570250,3.37,0.83,160853,-14.69,-3.89,270919,10.14,2.44,-120619,547801,8.97,2.17,668420,10.26,2.47,10418.40429,2021.322857,1133.078571,1689.571363,,11960.81667,,,488.179047,403.957142,36.616666,4.327619,32.92,2910000000000.00 ,42.3,0.39,"2,958.00",,67.24,9.49,78.59,847.74,"9,059.00",518.2,199.66,4.45,6666
2004/5/1,85.56,38839,24632,22.98,67732,20.73,219550,7.72,6327,13.49,1.375,3.413,875062,1.61,0.4,1001596,1.73,0.43,570250,3.37,0.83,160853,-14.69,-3.89,270919,10.14,2.44,-120619,547801,8.97,2.17,668420,10.26,2.47,10083.8055,1930.089,1102.7815,1556.751875,,11037.50833,,,460.2865,383.18421,40.28,4.703,33.393333,1710000000000.00 ,43.75,0.39,"2,746.00",,65.17,9.16,77.53,844.49,"9,079.00",490.4,172.98,4.36,5912
2004/6/1,85.53,39951,26172,23.46,69111,19.26,221143,7.88,6353,7.06,1.375,3.407,875062,1.61,0.4,1001596,1.73,0.43,570250,3.37,0.83,160853,-14.69,-3.89,270919,10.14,2.44,-120619,547801,8.97,2.17,668420,10.26,2.47,10364.90095,2000.979523,1132.757142,1465.876818,,11527.72364,,,472.127619,392.223809,38.049523,4.723333,33.536818,1330000000000.00 ,41.98,0.46,"2,855.00",,66.37,9.24,77.08,848.95,"9,116.00",551.49,183.24,4.41,5758
2004/7/1,85.75,39853,25943,25.41,69708,19.45,222002,7.59,6390,11.59,1.375,3.406,885897,5.05,1.24,1017141,6.35,1.55,575836,3.98,0.98,165113,11.02,2.65,276900,9.13,2.21,-122296,545400,-1.74,-0.44,667696,-0.43,-0.11,10152.08762,1912.424285,1105.846666,1422.123636,,11388.59381,,,425.420476,398.35238,40.807619,4.479523,33.788636,1050000000000.00 ,43.22,0.68,"2,805.00",,65.24,10.29,76.43,858.42,"9,146.00",514.53,187.35,4.54,5554
2004/8/1,85.83,41076,26313,23.48,70427,17.56,222359,6.9,6391,9.27,1.375,3.406,885897,5.05,1.24,1017141,6.35,1.55,575836,3.98,0.98,165113,11.02,2.65,276900,9.13,2.21,-122296,545400,-1.74,-0.44,667696,-0.43,-0.11,10032.80136,1821.538181,1088.935,1360.15409,,10989.34273,,,385.018181,401.890909,44.883636,4.27,34.003181,1110000000000.00 ,44.93,1.05,"3,649.00",,65.3,9.99,76.76,864.81,"9,189.00",521.51,185.3,4.62,5498
2004/9/1,85.63,40126,26268,19.87,70928,16.64,222515,6.81,6452,12.11,1.375,3.42,885897,5.05,1.24,1017141,6.35,1.55,575836,3.98,0.98,165113,11.02,2.65,276900,9.13,2.21,-122296,545400,-1.74,-0.44,667696,-0.43,-0.11,10204.67048,1884.730952,1117.65619,1368.943636,,11079.42,,,380.69238,406.233333,45.937619,4.114761,33.871818,1580000000000.00 ,43.46,0.21,"2,692.00",,64.64,10.24,76.02,862.16,"9,201.00",530.37,195.1,4.67,5866
2004/10/1,85.63,38732,25943,16.45,70630,14.81,223497,6.81,6520,8.14,1.625,3.478,901053,7.02,1.71,1057787,16.97,4,581600,4.06,1,162853,-5.36,-1.37,317260,72.33,14.58,-148663,546274,0.64,0.16,694937,17.35,4.08,10001.60238,1938.25238,1118.068095,1347.200625,,11012.9055,,,397.33238,421.023809,53.093809,4.081904,33.792857,1480000000000.00 ,46.66,-0.15,"2,836.00",,64.68,10.35,75.91,887.34,"9,157.00",535.01,196.44,4.5,5885
2004/11/1,85.75,38456,26125,14.44,70608,13.45,224611,6.8,6550,7.39,1.625,3.478,901053,7.02,1.71,1057787,16.97,4,581600,4.06,1,162853,-5.36,-1.37,317260,72.33,14.58,-148663,546274,0.64,0.16,694937,17.35,4.08,10411.75619,2062.87,1168.937619,1343.628636,,10972.997,,,423.920952,438.655,48.4755,4.189523,32.773636,1420000000000.00 ,48.07,0.28,"2,874.00",,66.06,9.58,77.42,911.12,"9,209.00",550.48,212.38,4.31,5885
2004/12/1,85.54,42700,27779,10.03,73680,12.44,228931,7.19,6698,6.17,1.75,3.516,901053,7.02,1.71,1057787,16.97,4,581600,4.06,1,162853,-5.36,-1.37,317260,72.33,14.58,-148663,546274,0.64,0.16,694937,17.35,4.08,10673.38409,2149.531818,1199.209545,1303.351304,,11061.31619,,,430.491363,442.714285,43.25619,4.222727,32.21826,1280000000000.00 ,46.41,0.23,"3,033.00",,65.62,9.42,75.82,907.26,"9,248.00",544.32,207.44,4.14,5967
2005/1/1,86.06,65039,27561,11.37,73501,8.69,230367,5.84,7290,5.77,1.75,3.571,905141,1.83,0.45,1037967,-7.29,-1.87,587752,4.3,1.06,164309,3.62,0.89,287045,-32.99,-9.52,-125369,554153,5.9,1.44,679522,-8.58,-2.22,10539.513,2071.8715,1181.408,1236.5015,,11394.84474,,,401.056,424.16,46.8515,4.2095,31.873809,996000000000.00 ,46.67,0.18,"3,693.00",,66.26,9.74,76.22,919.77,"9,271.00",507.06,187.75,4.09,5918
2005/2/1,86.12,55611,27050,10.93,73977,9.09,231871,6.01,7817,11.31,1.75,3.584,905141,1.83,0.45,1037967,-7.29,-1.87,587752,4.3,1.06,164309,3.62,0.89,287045,-32.99,-9.52,-125369,554153,5.9,1.44,679522,-8.58,-2.22,10723.81579,2065.735789,1199.626842,1276.795384,,11545.29526,,,425.593157,424.010526,48.053157,4.157894,31.5215,938000000000.00 ,43.58,0.26,"2,863.00",,65.71,8.52,79.3,926.31,"9,296.00",520.03,193.18,4.06,6101
2005/3/1,85.8,39098,27231,7.42,73721,6.97,232355,5.52,7246,3.97,1.875,3.614,905141,1.83,0.45,1037967,-7.29,-1.87,587752,4.3,1.06,164309,3.62,0.89,287045,-32.99,-9.52,-125369,554153,5.9,1.44,679522,-8.58,-2.22,10682.09318,2030.433636,1194.897727,1250.841739,,11809.38409,,,425.058181,434.531818,54.629545,4.490909,31.115217,1520000000000.00 ,38.04,-0.37,"1,922.00",,53.6,7.29,62.56,788.29,"9,276.00",389.58,141.14,4.28,6104
2005/4/1,85.85,38796,26732,7.21,72726,5.64,232763,5.47,7181,8.87,1.875,3.657,920512,6.97,1.7,1045459,2.92,0.72,592302,3.13,0.77,168677,11.06,2.66,285439,-2.22,-0.56,-119542,574745,15.71,3.72,694286,8.98,2.17,10283.18619,1957.492857,1164.427619,1199.573333,,11395.642,,,398.504761,429.714285,53.217619,4.330476,31.490476,1080000000000.00 ,48.83,0.09,"3,174.00",,68.42,9.93,81.65,929.11,"9,282.00",515.78,195.3,4.15,5876
2005/5/1,85.56,38983,26153,6.17,72021,6.33,231965,5.65,7067,8.13,1.875,3.657,920512,6.97,1.7,1045459,2.92,0.72,592302,3.13,0.77,168677,11.06,2.66,285439,-2.22,-0.56,-119542,574745,15.71,3.72,694286,8.98,2.17,10377.17905,2005.217142,1178.275714,1091.273529,,11082.37895,,,410.133333,422.295238,49.870952,4.138095,31.295909,1190000000000.00 ,49.03,0.18,"2,521.00",,66.22,9.28,78.12,899.6,"9,300.00",520.6,176.48,4.04,5930
2005/6/1,85.53,40008,28089,7.33,74707,8.1,235907,6.68,7086,15.29,1.875,3.671,920512,6.97,1.7,1045459,2.92,0.72,592302,3.13,0.77,168677,11.06,2.66,285439,-2.22,-0.56,-119542,574745,15.71,3.72,694286,8.98,2.17,10486.68227,2074.017272,1202.253181,1084.873636,,11402.74591,,,429.608181,431.690909,56.419545,3.995454,31.36909,1700000000000.00 ,46.36,0.16,"3,018.00",,66.73,10.3,78.04,888.81,"9,313.00",538.93,190.83,4.1,6221
2005/7/1,85.75,39705,28115,8.37,75137,7.79,236474,6.52,7116,7.95,2,3.714,927387,3.02,0.75,1048672,1.23,0.31,594096,1.22,0.3,164559,-9.41,-2.44,291220,8.35,2.03,-114575,576809,1.44,0.36,691384,-1.66,-0.42,10545.376,2145.139,1222.237,1042.180476,,11716.866,,,458.2945,423.975,59.026,4.173,31.870952,1720000000000.00 ,49.16,0.29,"3,139.00",,66.67,10.47,79.52,908.99,"9,322.00",490.7,175.78,4.22,6335
2005/8/1,85.83,40944,27840,5.8,74808,6.22,236128,6.19,7043,12.1,2,3.734,927387,3.02,0.75,1048672,1.23,0.31,594096,1.22,0.3,164559,-9.41,-2.44,291220,8.35,2.03,-114575,576809,1.44,0.36,691384,-1.66,-0.42,10554.27174,2157.84826,1224.27,1151.257826,,12204.97565,,,468.702608,437.830434,64.993478,4.255217,32.083043,1580000000000.00 ,48.15,0.9,"2,989.00",,65.38,10.03,77.33,909.88,"9,348.00",517.15,187.79,4.32,6244
2005/9/1,85.63,40279,27898,6.21,74812,5.48,236929,6.48,7069,11.71,2.125,3.762,927387,3.02,0.75,1048672,1.23,0.31,594096,1.22,0.3,164559,-9.41,-2.44,291220,8.35,2.03,-114575,576809,1.44,0.36,691384,-1.66,-0.42,10532.54429,2144.611904,1225.914761,1183.12909,,12979.3755,,,469.79,457.309523,65.552857,4.193333,32.917727,1220000000000.00 ,53,0.33,"2,747.00",,68.57,11.17,82.13,921.36,"9,385.00",532.3,182.47,4.36,6067
2005/10/1,85.63,38552,27257,5.06,73862,4.58,236746,5.93,7122,5.26,2.125,3.81,971932,20.64,4.8,1037236,-4.29,-1.09,596208,1.43,0.36,161370,-7.53,-1.94,280201,-14.3,-3.78,-60151,635735,47.56,10.22,695885,2.63,0.65,10324.31333,2087.092857,1191.964285,1129.145625,,13392.793,,,446.023809,469.995238,62.268571,4.4585,33.478571,1280000000000.00 ,56.97,0.01,"3,082.00",,68.11,10.65,83.18,947.53,"9,366.00",556.72,190.19,4.14,5880
2005/11/1,85.75,38555,27581,5.57,75005,6.23,239095,6.45,7157,7.41,2.125,3.81,971932,20.64,4.8,1037236,-4.29,-1.09,596208,1.43,0.36,161370,-7.53,-1.94,280201,-14.3,-3.78,-60151,635735,47.56,10.22,695885,2.63,0.65,10695.24952,2202.835714,1237.368571,1101.434545,,14368.0535,,,464.613809,475.56,58.343,4.534,33.581363,1580000000000.00 ,59.45,0.29,"2,494.00",,69.62,9.97,83.44,956.89,"9,415.00",629.53,207.57,4.07,6025
2005/12/1,85.54,42698,29831,7.39,78711,6.83,244101,6.63,7304,2.51,2.25,3.845,971932,20.64,4.8,1037236,-4.29,-1.09,596208,1.43,0.36,161370,-7.53,-1.94,280201,-14.3,-3.78,-60151,635735,47.56,10.22,695885,2.63,0.65,10827.79476,2246.087142,1262.071904,1125.461363,,15650.83333,,,493.300952,509.55238,59.447619,4.46619,33.297272,2120000000000.00 ,59.95,0.27,"3,258.00",,69.3,10.43,84.07,974.09,"9,453.00",610.84,208.64,3.94,6377
2006/1/1,86.06,82087,30027,8.95,79656,8.37,247660,7.51,10259,13.78,2.25,3.866,962864,-3.68,-0.93,1055621,7.28,1.77,598985,1.88,0.47,161000,-0.91,-0.23,297229,26.62,6.08,-91344,634022,-1.07,-0.27,725366,18.05,4.24,10872.482,2289.9915,1278.7225,1225.03625,,16085.50632,,,523.9175,549.428571,65.5375,4.4115,32.093181,2000000000000.00 ,60.09,0.2,"2,993.00",,70.43,9.6,84.89,987.98,"9,469.00",605.01,183.15,3.86,6609
2006/2/1,86.12,39972,29675,9.7,78014,5.46,246886,6.48,7940,2.57,2.25,3.886,962864,-3.68,-0.93,1055621,7.28,1.77,598985,1.88,0.47,161000,-0.91,-0.23,297229,26.62,6.08,-91344,634022,-1.07,-0.27,725366,18.05,4.24,10971.18632,2273.666315,1276.645263,1283.07,,16187.6365,,,535.237894,555.210526,61.925789,4.568421,32.3145,1400000000000.00 ,53.56,0.14,"3,225.00","24,245.00",67.18,8.78,81.39,965.91,"9,479.00",550.2,171.64,3.8,6614
2006/3/1,85.8,39070,28346,4.1,76725,4.07,246621,6.14,7633,2.4,2.375,3.896,962864,-3.68,-0.93,1055621,7.28,1.77,598985,1.88,0.47,161000,-0.91,-0.23,297229,26.62,6.08,-91344,634022,-1.07,-0.27,725366,18.05,4.24,11144.45,2300.255652,1293.734782,1281.685652,,16311.54045,,,509.14826,558.1,62.966086,4.723478,32.483478,1870000000000.00 ,49.12,-0.14,"1,758.00","28,104.00",61.16,8.52,71.77,878.87,"9,450.00",499.38,193.79,3.92,6501
2006/4/1,85.85,39422,28190,5.45,77661,6.78,248727,6.86,7593,1.79,2.375,3.947,969554,2.81,0.69,1050170,-2.05,-0.52,600331,0.9,0.22,163973,7.59,1.85,286668,-13.47,-3.55,-79206,644451,6.74,1.64,723656,-0.94,-0.24,11234.67526,2338.677368,1302.165263,1374.627,,17232.9675,,,514.157368,612.063157,70.161052,4.985263,32.316,2120000000000.00 ,60.25,0.2,"3,042.00","34,265.00",72.87,10.52,87.18,977.59,"9,473.00",585.18,201.8,3.87,6941
2006/5/1,85.56,40349,28438,8.74,77256,7.27,248404,7.09,7553,5.23,2.375,3.947,969554,2.81,0.69,1050170,-2.05,-0.52,600331,0.9,0.22,163973,7.59,1.85,286668,-13.47,-3.55,-79206,644451,6.74,1.64,723656,-0.94,-0.24,11333.87818,2245.281818,1290.013636,1605.504444,,16322.239,,,491.001818,673.640909,70.960909,5.107272,31.77826,2550000000000.00 ,59.01,0.13,"2,492.00","31,185.00",69.59,9.63,83.22,957.62,"9,492.00",616.89,196.43,3.78,7123
2006/6/1,85.53,39563,29059,3.45,77121,3.23,249201,5.64,7477,1.72,2.5,3.964,969554,2.81,0.69,1050170,-2.05,-0.52,600331,0.9,0.22,163973,7.59,1.85,286668,-13.47,-3.55,-79206,644451,6.74,1.64,723656,-0.94,-0.24,10997.96545,2137.413636,1253.168181,1610.248636,,14990.30773,,,448.58,595.518181,70.969545,5.105,32.472727,1800000000000.00 ,57.64,0.24,"2,720.00","34,982.00",71.7,10.5,85.19,957.15,"9,507.00",605.71,199.81,3.84,6548
2006/7/1,85.75,39780,28491,1.34,76321,1.58,248426,5.05,7429,4.86,2.5,4.012,986292,7.09,1.73,1054091,1.5,0.37,603901,2.4,0.59,164547,1.41,0.35,286308,-0.5,-0.13,-65628,659464,9.65,2.33,725092,0.8,0.2,11032.526,2086.2075,1260.2345,1687.185714,,15147.554,,,411.892,633.35,74.463157,5.0835,32.62238,1350000000000.00 ,58.3,0.31,"3,380.00","37,254.00",70,12.15,84.21,993.02,"9,519.00",588.42,192.6,3.98,6504
2006/8/1,85.83,41255,29316,5.3,77794,3.99,249507,5.67,7363,6.41,2.5,4.026,986292,7.09,1.73,1054091,1.5,0.37,603901,2.4,0.59,164547,1.41,0.35,286308,-0.5,-0.13,-65628,659464,9.65,2.33,725092,0.8,0.2,11257.35391,2117.770869,1287.149565,1607.116956,,15786.77913,,,426.63826,630.065217,73.083478,4.873478,32.784782,1580000000000.00 ,56.13,0.76,"3,710.00","44,162.00",69.89,9.75,82.06,991.09,"9,578.00",643.02,224.05,4.05,6552
2006/9/1,85.63,39930,29590,6.07,79278,5.97,250754,5.83,7426,2.7,2.625,4.042,986292,7.09,1.73,1054091,1.5,0.37,603901,2.4,0.59,164547,1.41,0.35,286308,-0.5,-0.13,-65628,659464,9.65,2.33,725092,0.8,0.2,11533.599,2221.939,1317.743,1702.233809,,15934.087,,,454.6135,597.07,63.895,4.717,32.898095,1440000000000.00 ,60.59,0.38,"2,125.00","34,324.00",72.05,11.79,86.35,976.41,"9,613.00",639.86,201.06,4.09,6782
2006/10/1,85.63,39578,29276,7.41,78756,6.62,250729,5.91,7420,7.02,2.625,4.103,1015734,12.49,2.99,1068410,5.55,1.36,609673,3.88,0.96,165236,1.69,0.42,294562,12.04,2.88,-45838,669885,6.47,1.58,715723,-5.07,-1.29,11963.11545,2330.174545,1363.377272,1792.050588,,16519.44429,,,456.359545,585.813636,59.136818,4.724545,33.2,1540000000000.00 ,61.34,0.06,"2,426.00","33,383.00",70.19,10.51,82.51,"1,002.93","9,597.00",665.96,198.04,3.96,7029
2006/11/1,85.75,38812,29000,5.15,78967,5.28,252901,5.77,7422,9.02,2.625,4.103,1015734,12.49,2.99,1068410,5.55,1.36,609673,3.88,0.96,165236,1.69,0.42,294562,12.04,2.88,-45838,669885,6.47,1.58,715723,-5.07,-1.29,12185.15429,2408.7,1388.634761,1956.040454,,16101.069,,,472.724285,627.6,59.403,4.595238,32.818181,2150000000000.00 ,63.45,0.16,"2,117.00","33,752.00",70.29,10.75,83.92,"1,011.64","9,630.00",661.27,210.98,3.9,7267
2006/12/1,85.54,42476,30700,2.91,82226,4.47,256682,5.15,7587,7.32,2.75,4.115,1015734,12.49,2.99,1068410,5.55,1.36,609673,3.88,0.96,165236,1.69,0.42,294562,12.04,2.88,-45838,669885,6.47,1.58,715723,-5.07,-1.29,12377.6185,2431.908,1416.42,2306.72619,,16790.21381,,,474.0825,628.045,62.0865,4.5605,32.531904,2090000000000.00 ,63.34,0.2,"2,638.00","38,801.00",70.16,10.72,84.96,"1,028.51","9,659.00",650.4,213.63,3.86,7630
2007/1/1,90.3,48929,30652,2.08,82169,3.15,258222,4.26,7738,-9.05,2.75,3.957,1013255,-0.97,-0.24,1043492,-9.01,-2.33,608319,-0.88,-0.22,163855,-3.3,-0.84,271196,-28.15,-7.93,-22750,685413,9.6,2.32,708163,-4.16,-1.06,12512.891,2453.187,1424.161,2818.96,,17286.32421,,,466.36,630.390476,54.67238,4.761,32.758695,2430000000000.00 ,61.53,0.16,"2,540.00","38,327.00",69.46,9.98,81.98,"1,041.60","9,685.00",645.67,188.31,3.81,7815
2007/2/1,90.37,74807,31820,7.23,84507,8.32,261349,5.86,9564,14.71,2.75,3.969,1013255,-0.97,-0.24,1043492,-9.01,-2.33,608319,-0.88,-0.22,163855,-3.3,-0.84,271196,-28.15,-7.93,-22750,685413,9.6,2.32,708163,-4.16,-1.06,12631.47737,2479.86421,1444.794736,2810.683333,,17741.23105,,84.283157,471.044736,666.078947,59.387894,4.722105,32.9715,912000000000.00 ,60.91,0.18,"2,610.00","30,450.00",71.38,10.11,86.1,"1,039.42","9,701.00",653.45,202.28,3.79,7818
2007/3/1,90.15,39619,30784,8.6,83193,8.43,260648,5.69,8222,10.82,2.875,3.977,1013255,-0.97,-0.24,1043492,-9.01,-2.33,608319,-0.88,-0.22,163855,-3.3,-0.84,271196,-28.15,-7.93,-22750,685413,9.6,2.32,708163,-4.16,-1.06,12268.53364,2401.490909,1406.951818,2990.483636,,17128.36714,,83.343181,471.350909,653.640909,60.740454,4.560454,33.017727,2350000000000.00 ,51.6,-0.28,"1,983.00","22,130.00",57.97,8.4,68.28,907.84,"9,703.00",493.71,150.46,3.78,7689
2007/4/1,90.29,39455,30819,9.33,83417,7.41,261148,4.99,7998,9.05,2.875,3.996,1032030,7.62,1.85,1084273,16.57,3.91,615036,4.49,1.1,166249,5.97,1.46,304431,58.79,12.25,-46465,699422,8.43,2.04,745887,23.07,5.33,12754.804,2499.568,1463.6405,3537.115714,,17469.8095,,81.983809,481.914,679.92,64.036,4.684,33.145238,1940000000000.00 ,65.62,0.21,"2,370.00","36,963.00",73.4,9.99,88.5,"1,023.24","9,701.00",657.02,195.55,3.94,7992
2007/5/1,90.15,40504,29701,4.44,81888,6,259693,4.54,7770,7.68,2.875,4.002,1032030,7.62,1.85,1084273,16.57,3.91,615036,4.49,1.1,166249,5.97,1.46,304431,58.79,12.25,-46465,699422,8.43,2.04,745887,23.07,5.33,13407.75591,2562.140909,1511.136818,4083.423888,,17595.13571,,82.007272,494.701818,667.586363,63.530909,4.744545,33.270869,1900000000000.00 ,63.66,,"2,176.00","40,020.00",72.38,9.99,86.2,"1,003.32","9,706.00",661.15,212.17,3.83,8087
2007/6/1,90.38,40835,30684,5.59,83403,8.15,260334,4.47,7744,-1.66,3.125,4.056,1032030,7.62,1.85,1084273,16.57,3.91,615036,4.49,1.1,166249,5.97,1.46,304431,58.79,12.25,-46465,699422,8.43,2.04,745887,23.07,5.33,13480.21286,2595.39619,1514.489523,4012.632857,,18001.36619,,82.36,494.615238,654.804761,67.529523,5.099523,32.975238,2720000000000.00 ,63.23,0.18,"2,869.00","41,395.00",76.99,11.61,91.33,"1,025.18","9,723.00",656.48,201.34,3.87,8580
2007/7/1,90.79,41524,30924,8.54,84100,10.19,259590,4.49,7450,2.02,3.125,4.227,1057202,10.12,2.44,1094819,3.95,0.97,627293,8.21,1.99,170834,11.5,2.76,297481,-8.82,-2.28,-34162,733389,20.89,4.86,767551,12.13,2.9,13677.89476,2655.07619,1520.704761,4016.04409,,17974.76762,,80.633636,521.562857,665.785714,74.150476,4.998095,32.807727,4670000000000.00 ,65.73,0.12,"2,433.00","55,007.00",75.15,10.93,89.05,"1,029.57","9,722.00",671.29,199.44,3.96,9358
2007/8/1,91.55,41463,30849,5.23,83267,7.03,259423,3.97,7407,-2.34,3.125,4.307,1057202,10.12,2.44,1094819,3.95,0.97,627293,8.21,1.99,170834,11.5,2.76,297481,-8.82,-2.28,-34162,733389,20.89,4.86,767551,12.13,2.9,13239.71217,2539.498695,1454.616956,4848.73913,,16460.95478,,80.87,492.906086,665.056521,72.358695,4.67,32.967391,3160000000000.00 ,68.25,1.01,"2,766.00","55,710.00",78.45,11.58,92.98,"1,072.79","9,777.00",701.94,234.68,4.03,8757
2007/9/1,91.82,42668,31250,5.61,83771,5.67,258859,3.23,7488,0.02,3.25,4.331,1057202,10.12,2.44,1094819,3.95,0.97,627293,8.21,1.99,170834,11.5,2.76,297481,-8.82,-2.28,-34162,733389,20.89,4.86,767551,12.13,2.9,13557.68632,2634.47,1497.116315,5360.102,,16235.38778,,79.233684,496.777894,715.368421,79.626315,4.510526,33.0135,2240000000000.00 ,69.56,0.23,"2,380.00","46,847.00",78.9,11.94,93.7,"1,068.95","9,806.00",705.77,210.48,4.09,9069
2007/10/1,92.24,39728,30675,4.78,83404,5.9,259043,3.32,7426,0.67,3.25,4.303,1088363,12.32,2.95,1083240,-4.16,-1.06,620648,-4.17,-1.06,168237,-5.94,-1.52,295184,-3.05,-0.77,10361,762093,16.6,3.91,751732,-7.99,-2.06,13901.28043,2780.415652,1539.658695,5824.120555,,16903.35909,,77.779565,482.966956,756.030434,85.65826,4.520434,32.561304,3200000000000.00 ,70.16,-0.08,"1,852.00","36,121.00",75.7,10.92,91.28,"1,066.52","9,760.00",738.04,206.3,3.99,9605
2007/11/1,92.35,39587,30515,5.22,80863,2.4,258117,2.06,7497,1.08,3.25,4.319,1088363,12.32,2.95,1083240,-4.16,-1.06,620648,-4.17,-1.06,168237,-5.94,-1.52,295184,-3.05,-0.77,10361,762093,16.6,3.91,751732,-7.99,-2.06,13200.57762,2662.80238,1463.385238,5265.592272,,15543.76429,26.837272,75.660476,429.287619,805.6,94.631428,4.147619,32.33409,2640000000000.00 ,72.67,0.26,"2,570.00","33,267.00",82.03,11.58,98.64,"1,109.46","9,769.00",749.63,203.89,3.92,8800
2007/12/1,92.59,43951,31566,2.82,82200,-0.03,258831,0.84,7626,3.9,3.375,4.313,1088363,12.32,2.95,1083240,-4.16,-1.06,620648,-4.17,-1.06,168237,-5.94,-1.52,295184,-3.05,-0.77,10361,762093,16.6,3.91,751732,-7.99,-2.06,13407.025,2661.5485,1479.2235,5069.5865,,15545.06579,30.8555,76.787,417.2255,807.96,91.7425,4.0925,32.415714,2050000000000.00 ,71.59,0.29,"2,920.00","28,583.00",79.56,10.91,95.43,"1,082.20","9,803.00",715.18,197.72,3.87,8309
2008/1/1,92.42,65740,32371,5.61,83081,1.11,263572,2.07,8701,14.33,3.375,4.326,1092894,1.68,0.42,1084295,0.39,0.1,621107,0.3,0.07,168656,1,0.25,295332,0.2,0.05,10834,778641,8.97,2.17,767807,8.83,2.14,12538.12238,2418.093809,1378.763809,5045.941363,,13731.30684,30.558571,76.043636,362.173809,891.357142,92.929047,3.717142,32.354782,2870000000000.00 ,69.91,0.27,"3,274.00","44,159.00",79.42,10.26,94.23,"1,131.55","9,839.00",766.01,215.01,3.83,7923
2008/2/1,92.76,59608,31330,-1.54,82464,-2.42,264902,1.36,8580,-6.53,3.375,4.342,1092894,1.68,0.42,1084295,0.39,0.1,621107,0.3,0.07,168656,1,0.25,295332,0.2,0.05,10834,778641,8.97,2.17,767807,8.83,2.14,12419.5675,2325.8255,1354.8725,4452.66,,13547.84,32.3205,75.799523,355.811,925.11,95.349,3.7325,31.627619,1560000000000.00 ,68.55,0.12,"2,799.00","43,448.00",80.46,10.86,97.3,"1,160.27","9,854.00",723.28,220.3,3.8,7999
2008/3/1,93.02,40273,31570,2.55,82441,-0.9,266131,2.1,8170,3.14,3.5,4.35,1092894,1.68,0.42,1084295,0.39,0.1,621107,0.3,0.07,168656,1,0.25,295332,0.2,0.05,10834,778641,8.97,2.17,767807,8.83,2.14,12193.877,2254.818,1316.943,3915.348571,,12602.9265,28.9085,72.621,344.864,962.93,105.42,3.4905,30.582857,2990000000000.00 ,58.26,-0.34,"1,442.00","29,263.00",68.1,8.96,81.84,984.02,"9,813.00",569.69,161.21,3.94,8440
2008/4/1,93.45,40192,31191,1.21,82333,-1.3,267002,2.24,8042,4.67,3.5,4.392,1079109,-4.95,-1.26,1061570,-8.12,-2.1,612496,-5.43,-1.39,169112,1.09,0.27,280320,-18.83,-5.08,22115,756020,-11.12,-2.91,733904,-16.53,-4.42,12656.77318,2368.099545,1370.46909,3397.291904,,13357.69905,29.495909,72.375,372.391363,909.663636,112.462727,3.650909,30.360909,3080000000000.00 ,70.31,0.26,"1,885.00","44,825.00",80.91,10.34,97.86,"1,101.31","9,841.00",757.57,229.61,3.86,8878
2008/5/1,93.38,40554,30884,3.98,81446,-0.54,266043,2.45,7966,-3.7,3.5,4.392,1079109,-4.95,-1.26,1061570,-8.12,-2.1,612496,-5.43,-1.39,169112,1.09,0.27,280320,-18.83,-5.08,22115,756020,-11.12,-2.91,733904,-16.53,-4.42,12812.48143,2483.240952,1403.217619,3551.7395,,13995.3335,33.25,73.010454,406.044285,888.204761,125.458571,3.874285,30.582727,2670000000000.00 ,69.55,0.08,"2,125.00","32,906.00",80.82,11.46,96.78,"1,092.00","9,856.00",690.24,202.16,3.81,8910
2008/6/1,94.7,41180,31344,2.15,79980,-4.1,263946,1.39,7955,9.08,3.625,4.396,1079109,-4.95,-1.26,1061570,-8.12,-2.1,612496,-5.43,-1.39,169112,1.09,0.27,280320,-18.83,-5.08,22115,756020,-11.12,-2.91,733904,-16.53,-4.42,12056.66524,2427.454285,1341.250952,2995.748,,14084.60095,36.040952,73.374285,391.373333,889.895238,134.015714,4.084761,30.368571,1880000000000.00 ,68,0.12,"2,201.00","22,630.00",81.84,11.29,96.81,"1,110.42","9,878.00",727.09,176.23,3.84,8180
2008/7/1,94.98,42690,30570,-1.14,79126,-5.91,265012,2.09,7899,8.81,3.625,4.404,1039550,-13.88,-3.67,1038757,-8.32,-2.15,601303,-7.11,-1.83,168376,-1.73,-0.44,269189,-14.96,-3.97,2509,741845,-7.29,-1.87,739336,2.99,0.74,11322.37545,2278.137272,1257.326363,2802.171739,,13168.90864,32.365454,72.795652,350.214545,939.931818,133.484545,3.982727,30.406521,2070000000000.00 ,66.79,0.25,"2,218.00","26,793.00",79.41,12.65,94.47,"1,090.91","9,881.00",746.27,202.68,3.95,7128
2008/8/1,94.66,41415,30933,0.27,79576,-4.43,265397,2.3,7918,9.36,3.625,4.416,1039550,-13.88,-3.67,1038757,-8.32,-2.15,601303,-7.11,-1.83,168376,-1.73,-0.44,269189,-14.96,-3.97,2509,741845,-7.29,-1.87,739336,2.99,0.74,11530.76571,2389.267142,1281.47238,2496.47238,,12989.35143,30.294761,76.208095,361.81238,835.833333,116.688095,3.885714,31.228095,1840000000000.00 ,66.54,0.71,"1,742.00","23,708.00",80.83,10.62,94.55,"1,107.41","9,906.00",702.83,194.59,4.06,7071
2008/9/1,94.29,41313,31459,0.67,80391,-4.04,267156,3.21,7933,7.66,3.5,4.438,1039550,-13.88,-3.67,1038757,-8.32,-2.15,601303,-7.11,-1.83,168376,-1.73,-0.44,269189,-14.96,-3.97,2509,741845,-7.29,-1.87,739336,2.99,0.74,11114.08238,2205.658095,1217.022857,2164.094736,,12123.529,25.254285,78.32,321.596666,828.961904,103.763809,3.675714,31.996818,1760000000000.00 ,70.07,0.07,"1,933.00","21,274.00",80.57,11.26,92.05,"1,104.86","9,937.00",784.49,195.86,4.14,6204
2008/10/1,94.36,39538,31011,1.1,79450,-4.74,271347,4.75,8011,5.84,3,4.443,1008805,-11.32,-2.96,1016349,-8.35,-2.16,594537,-4.43,-1.13,173337,12.32,2.95,247856,-28.13,-7.92,10416,619766,-51.29,-16.46,609350,-53.86,-17.58,9176.714347,1730.319565,968.800869,1933.801,,9117.03409,18.345217,83.491739,246.743043,801.991304,76.723913,3.780434,32.684347,1120000000000.00 ,70.8,-0.27,"1,631.00","25,468.00",75.78,12.44,88.47,"1,082.22","9,874.00",701.1,191.79,4.27,5043
2008/11/1,94.03,38138,30789,0.9,78588,-2.81,272902,5.73,8093,7.49,2.75,4.295,1008805,-11.32,-2.96,1016349,-8.35,-2.16,594537,-4.43,-1.13,173337,12.32,2.95,247856,-28.13,-7.92,10416,619766,-51.29,-16.46,609350,-53.86,-17.58,8614.55421,1542.695789,883.040526,1876.014,,8531.45,14.276315,86.769,205.362105,754.889473,57.441052,3.522105,33.096,1000000000000.00 ,70.41,-0.37,"1,573.00","17,930.00",71.68,10.46,86.96,"1,073.24","9,889.00",676.33,181.67,4.37,4510
2008/12/1,93.17,41868,32223,2.08,81537,-0.81,277555,7.23,8335,8.16,2,4.205,1008805,-11.32,-2.96,1016349,-8.35,-2.16,594537,-4.43,-1.13,173337,12.32,2.95,247856,-28.13,-7.92,10416,619766,-51.29,-16.46,609350,-53.86,-17.58,8595.557272,1525.890454,877.561818,1950.896521,,8463.615238,16.156363,83.615909,203.858181,822.668181,42.042272,2.407727,33.11826,1290000000000.00 ,55.99,-0.7,"1,637.00","16,525.00",57.89,8.97,70.03,958.91,"9,872.00",560.84,166.95,4.64,4496
2009/1/1,92.99,68084,33427,3.26,84834,2.11,280973,6.6,10902,10.08,1.5,3.91,1006957,-0.73,-0.18,953419,-22.56,-6.19,599930,3.68,0.91,173829,1.14,0.28,179266,-72.63,-27.67,66124,578703,-23.98,-6.63,512579,-49.93,-15.88,8396.2015,1537.2005,865.5755,1936.904,,8331.489473,17.1145,84.834285,213.347,861.56,41.9235,2.483,33.373181,746000000000.00 ,52.68,-1.36,"1,387.00","12,996.00",54.63,9.32,68.5,944.14,"9,811.00",459.51,137.44,5.03,4475
2009/2/1,92.96,41151,32622,4.12,85317,3.46,282561,6.67,9073,6.54,1.25,3.162,1006957,-0.73,-0.18,953419,-22.56,-6.19,599930,3.68,0.91,173829,1.14,0.28,179266,-72.63,-27.67,66124,578703,-23.98,-6.63,512579,-49.93,-15.88,7690.492105,1485.976842,805.227368,2205.173,,7694.782631,16.938947,86.8415,209.638947,942.263157,39.258421,2.851052,34.252,1200000000000.00 ,45.33,-1.41,"1,273.00","12,019.00",45.62,6.74,62.32,938.38,"9,763.00",413.65,100.83,5.31,4477
2009/3/1,92.98,38580,33473,6.03,88437,7.27,284836,7.03,8865,8.9,1.25,3.162,1006957,-0.73,-0.18,953419,-22.56,-6.19,599930,3.68,0.91,173829,1.14,0.28,179266,-72.63,-27.67,66124,578703,-23.98,-6.63,512579,-49.93,-15.88,7235.466363,1432.233181,757.126818,2228.235909,,7764.581904,15.046818,86.710909,216.487272,925.295454,48.061818,2.807727,34.338636,2170000000000.00 ,52.14,-0.85,762,"10,521.00",49.56,9.16,68.72,896.77,"9,691.00",431.96,131.12,5.75,4926
2009/4/1,93.24,38904,33966,8.89,90629,10.08,285934,7.09,8769,7.43,1.25,2.659,1014617,3.08,0.76,989636,16.08,3.8,601148,0.81,0.2,173394,-1,-0.25,214917,106.58,19.89,35115,628268,38.92,8.56,593153,79.32,15.72,7992.121428,1641.147619,848.151904,2461.833333,,8767.959523,20.249523,85.555714,247.927142,892.666666,49.949523,2.899047,33.66,2930000000000.00 ,62.67,-0.32,"1,009.00","12,526.00",59.4,9.43,78.09,969.4,"9,686.00",545.31,154.26,5.81,5724
2009/5/1,93.27,39722,34054,10.27,93068,14.27,287088,7.91,8795,16.67,1.25,2.639,1014617,3.08,0.76,989636,16.08,3.8,601148,0.81,0.2,173394,-1,-0.25,214917,106.58,19.89,35115,628268,38.92,8.56,593153,79.32,15.72,8398.3685,1726.0775,902.4085,2617.238888,,9304.432222,22.11,82.114761,255.8645,929.71,59.2125,3.2855,32.853333,3110000000000.00 ,65.13,-0.21,"1,233.00","9,705.00",64.17,9.6,81.52,986.15,"9,686.00",504.36,145.3,5.76,6586
2009/6/1,93.22,38210,35600,13.58,94332,17.94,286657,8.6,8690,9.9,1.25,2.639,1014617,3.08,0.76,989636,16.08,3.8,601148,0.81,0.2,173394,-1,-0.25,214917,106.58,19.89,35115,628268,38.92,8.56,593153,79.32,15.72,8592.996818,1826.988181,926.115,2830.371363,,9810.306818,23.558181,80.26409,268.85,946.35,69.695454,3.707727,32.782272,2590000000000.00 ,64.96,-0.13,797,"12,593.00",67.37,9.23,80.9,976.56,"9,700.00",543.17,142.37,5.82,6496
2009/7/1,93.2,39644,35239,15.27,96043,21.38,287603,8.52,8737,7.53,1.25,2.615,1030224,6.3,1.54,1002172,5.16,1.27,605391,2.85,0.71,175720,5.47,1.34,220925,11.66,2.8,34767,694465,49.29,10.54,659698,53.01,11.22,8679.745909,1873.837727,935.821363,3209.905652,,9691.12,25.806363,79.704782,282.294545,935.50909,64.293181,3.537272,32.894782,2800000000000.00 ,71.28,0.25,"1,055.00","22,424.00",71.37,11.18,88,"1,040.59","9,707.00",560.73,171.58,5.94,6835
2009/8/1,93.81,39522,36525,18.08,97398,22.4,287036,8.15,8774,8.14,1.25,2.615,1030224,6.3,1.54,1002172,5.16,1.27,605391,2.85,0.71,175720,5.47,1.34,220925,11.66,2.8,34767,694465,49.29,10.54,659698,53.01,11.22,9375.061904,1997.155238,1009.724761,3075.493809,,10430.35095,28.944761,78.533809,299.398095,949.695238,71.138571,3.579047,32.865714,1910000000000.00 ,72.51,0.42,"1,425.00","21,123.00",75.21,11.72,91.24,"1,078.57","9,718.00",574.13,169.62,6.07,6856
2009/9/1,93.93,40534,35799,13.8,98332,22.32,288008,7.81,8794,7.99,1.25,2.615,1030224,6.3,1.54,1002172,5.16,1.27,605391,2.85,0.71,175720,5.47,1.34,220925,11.66,2.8,34767,694465,49.29,10.54,659698,53.01,11.22,9634.970952,2084.747142,1044.55238,2889.005454,,10290.24778,28.660952,77.191363,320.069523,998.714285,69.468095,3.393333,32.556818,2420000000000.00 ,70.19,0.38,"1,549.00","22,467.00",74.23,10.62,86.99,"1,082.74","9,741.00",629.34,180.72,6.13,7321
2009/10/1,93.9,39816,37641,21.38,101536,27.8,290001,6.87,8861,11.58,1.25,2.611,1102444,31.13,7.01,1066354,28.18,6.4,623329,12.39,2.96,178401,6.24,1.53,264692,106.05,19.81,42729,750912,36.7,8.13,708183,32.8,7.35,9857.343636,2122.849545,1067.663636,3008.786875,,10066.24333,27.82409,76.170909,318.610454,1044.30909,75.823636,3.366363,32.313181,2580000000000.00 ,75.87,0.26,"1,316.00","21,238.00",77.49,11.85,89.41,"1,090.91","9,730.00",632.56,190.97,6.04,7589
2009/11/1,93.56,39035,38399,24.72,102563,30.51,290267,6.36,8969,8.8,1.25,2.579,1102444,31.13,7.01,1066354,28.18,6.4,623329,12.39,2.96,178401,6.24,1.53,264692,106.05,19.81,42729,750912,36.7,8.13,708183,32.8,7.35,10227.5545,2143.5325,1088.069,3206.358095,,9640.991578,31.402,75.40619,310.4015,1126.245,78.145,3.3955,32.32238,2140000000000.00 ,78.17,0.26,"1,902.00","33,648.00",78.6,10.85,89.48,"1,114.79","9,757.00",645.9,191.57,5.96,7612
2009/12/1,93.53,42768,39244,21.79,105116,28.92,293556,5.76,9126,8.31,1.25,2.563,1102444,31.13,7.01,1066354,28.18,6.4,623329,12.39,2.96,178401,6.24,1.53,264692,106.05,19.81,42729,750912,36.7,8.13,708183,32.8,7.35,10433.44273,2220.6,1110.377727,3220.188695,,10169.00762,32.344545,77.055217,343.735454,1128.977272,74.603181,3.580909,32.267391,2720000000000.00 ,76.31,0.42,"1,512.00","34,734.00",78.51,10.09,89.95,"1,094.71","9,819.00",653.69,213.76,5.86,7837
2010/1/1,94.09,53739,39350,17.72,105347,24.18,294538,4.83,9342,-1.59,1.25,2.564,1120492,6.71,1.64,1085294,7.3,1.78,619999,-2.12,-0.53,176450,-4.3,-1.09,288968,42.05,9.17,34722,798186,27.66,6.3,763463,35.07,7.81,10471.23526,2267.774736,1123.581578,3163.7565,,10661.62316,31.806842,77.99619,349.269473,1116.826315,78.402631,3.711578,31.891428,2750000000000.00 ,77.15,0.4,"2,185.00","32,195.00",83.2,10.89,95.95,"1,125.05","9,832.00",649.96,200.81,5.74,8099
2010/2/1,94.22,67177,39659,21.57,105985,24.23,295922,4.73,10594,14.4,1.25,2.564,1120492,6.71,1.64,1085294,7.3,1.78,619999,-2.12,-0.53,176450,-4.3,-1.09,288968,42.05,9.17,34722,798186,27.66,6.3,763463,35.07,7.81,10214.50632,2194.44,1089.16,2987.031333,,10175.12895,29.203157,80.273,331.829473,1098.189473,76.452631,3.678421,32.078,1160000000000.00 ,73,0.33,"1,438.00","28,454.00",80.16,9.66,92.32,"1,065.91","9,842.00",701.61,204.93,5.68,7432
2010/3/1,94.29,40701,38952,16.37,105269,19.03,295831,3.86,9766,5.09,1.25,2.564,1120492,6.71,1.64,1085294,7.3,1.78,619999,-2.12,-0.53,176450,-4.3,-1.09,288968,42.05,9.17,34722,798186,27.66,6.3,763463,35.07,7.81,10677.5187,2362.243913,1152.048695,3056.83826,,10671.49045,34.46826,80.808695,358.212608,1114.356521,81.29,3.71913,31.836086,2150000000000.00 ,65.77,-0.25,"1,587.00","29,168.00",70.69,8.78,77.18,984.94,"9,823.00",540.07,176.01,5.76,7775
2010/4/1,94.35,40207,39288,15.67,106383,17.38,296801,3.8,9672,8.86,1.25,2.568,1144088,8.69,2.11,1099463,5.33,1.31,626752,4.43,1.09,177348,2.05,0.51,295498,9.35,2.26,43449,830819,17.38,4.09,787370,13.13,3.13,11052.14762,2475.72,1197.31619,3053.391904,,11139.77,36.610952,81.372727,386.546666,1151.45238,84.575238,3.820476,31.485454,2330000000000.00 ,81.68,0.57,"2,491.00","51,294.00",86.37,11.54,99.41,"1,106.11","9,831.00",754.21,246.23,5.67,8052
2010/5/1,94.06,41074,39559,16.17,105297,13.14,296467,3.27,9636,5.54,1.25,2.568,1144088,8.69,2.11,1099463,5.33,1.31,626752,4.43,1.09,177348,2.05,0.51,295498,9.35,2.26,43449,830819,17.38,4.09,787370,13.13,3.13,10500.127,2319.239,1125.062,2661.8675,,10103.97833,32.001,85.556666,357.061,1203.955,74.1175,3.4135,31.864761,1870000000000.00 ,79.89,0.36,"2,086.00","42,645.00",87.16,10.56,99.84,"1,110.37","9,862.00",700.4,219.1,5.39,7526
2010/6/1,94.33,41519,40550,13.9,106447,12.84,297615,3.82,9658,8.98,1.375,2.568,1144088,8.69,2.11,1099463,5.33,1.31,626752,4.43,1.09,177348,2.05,0.51,295498,9.35,2.26,43449,830819,17.38,4.09,787370,13.13,3.13,10159.26727,2235.229545,1083.360909,2541.395789,,9786.054545,29.138181,86.757272,353.557727,1234.663636,75.404545,3.194545,32.217272,1550000000000.00 ,79.44,0.38,"2,345.00","42,885.00",89.24,11.04,98.79,"1,116.03","9,905.00",812.41,235.94,5.14,7383
2010/7/1,94.52,41485,40339,14.47,107846,12.29,299497,4.14,9647,7.32,1.375,2.592,1155888,4.19,1.03,1116530,6.36,1.55,632620,3.8,0.94,178303,2.17,0.54,305777,14.66,3.48,37211,844112,6.56,1.6,806901,10.3,2.48,10222.24238,2210.273809,1079.803333,2493.39,,9464.654,30.937619,83.327272,353.511904,1191.747619,76.382857,2.984761,32.13,2110000000000.00 ,81.52,0.31,"2,308.00","39,125.00",90.47,11.9,98.94,"1,144.45","9,932.00",743.09,231.45,5.16,7639
2010/8/1,94.45,40322,41370,13.26,109331,12.25,300623,4.73,9615,7.35,1.375,2.628,1155888,4.19,1.03,1116530,6.36,1.55,632620,3.8,0.94,178303,2.17,0.54,305777,14.66,3.48,37211,844112,6.56,1.6,806901,10.3,2.48,10350.39636,2205.281363,1087.282272,2636.217727,,9268.235,31.48,82.24,331.974545,1217.445454,76.666818,2.689545,31.905,2540000000000.00 ,80.87,0.94,"2,071.00","41,234.00",93.01,11.88,101.39,"1,172.18","9,990.00",776.25,238.4,5.2,7884
2010/9/1,94.5,42981,40181,12.24,109923,11.79,301644,4.73,9685,8.15,1.375,2.628,1155888,4.19,1.03,1116530,6.36,1.55,632620,3.8,0.94,178303,2.17,0.54,305777,14.66,3.48,37211,844112,6.56,1.6,806901,10.3,2.48,10598.06619,2298.34619,1122.081904,2645.259473,,9337.785263,33.655714,81.233636,332.615238,1273.038095,75.548571,2.638571,31.681363,2460000000000.00 ,82.89,0.2,"2,497.00","46,025.00",90.6,12.02,99.46,"1,146.69","10,026.00",779.07,261.23,5.17,8040
2010/10/1,94.68,39954,40664,8.03,110508,8.84,304365,4.95,9731,7.8,1.5,2.648,1175412,6.93,1.69,1123099,2.37,0.59,641722,5.88,1.44,176605,-3.76,-0.95,304902,-1.14,-0.29,51071,860199,7.84,1.91,809127,1.11,0.28,11044.48524,2441.295714,1171.583809,2942.516875,,9455.093,35.595238,77.680476,355.064285,1343.219047,81.974761,2.5145,30.830476,2240000000000.00 ,85.17,0.21,"2,198.00","48,548.00",87.44,12.41,96.64,"1,162.18","9,984.00",725.55,254.67,5.05,8210
2010/11/1,94.93,39553,41465,7.98,111575,8.79,305375,5.21,9751,7.74,1.5,2.672,1175412,6.93,1.69,1123099,2.37,0.59,641722,5.88,1.44,176605,-3.76,-0.95,304902,-1.14,-0.29,51071,860199,7.84,1.91,809127,1.11,0.28,11198.30667,2530.989523,1198.888571,2973.674545,,9797.1805,35.75619,78.548636,385.333809,1370.185714,84.314761,2.738095,30.342727,2110000000000.00 ,83.25,0.27,"2,190.00","42,107.00",89.03,11.25,98.38,"1,193.63","10,009.00",764.04,247.57,4.92,8350
2010/12/1,94.75,44274,42837,9.16,114571,9,309544,5.45,9959,8.57,1.625,2.676,1175412,6.93,1.69,1123099,2.37,0.59,641722,5.88,1.44,176605,-3.76,-0.95,304902,-1.14,-0.29,51071,860199,7.84,1.91,809127,1.11,0.28,11465.25727,2631.560454,1241.525454,2845.881739,,10254.45857,37.758181,80.28913,411.555909,1393.954545,89.233181,3.281363,29.886086,2850000000000.00 ,82.59,0.4,"2,307.00","46,047.00",92.49,11.31,101.3,"1,153.91","10,052.00",749.44,246.05,4.73,8777
2011/1/1,94.81,82700,44009,11.84,116911,10.98,313604,6.47,12653,18.02,1.625,2.688,1199356,8.4,2.04,1131356,2.97,0.74,648136,4.06,1,180366,8.8,2.13,302972,-2.51,-0.63,67049,880782,9.92,2.39,813732,2.3,0.57,11802.3705,2717.2085,1282.6185,2766.5845,,10449.53,36.8355,79.359047,435.096,1361.68,89.5785,3.3695,29.126666,2400000000000.00 ,83.84,0.25,"3,106.00","43,009.00",95.97,11.78,106.04,"1,185.95","10,062.00",731.77,233.55,4.67,8971
2011/2/1,95.58,45723,43102,8.68,115560,9.03,313371,5.9,11039,7.23,1.625,2.718,1199356,8.4,2.04,1131356,2.97,0.74,648136,4.06,1,180366,8.8,2.13,302972,-2.51,-0.63,67049,880782,9.92,2.39,813732,2.3,0.57,12190.00053,2783.535789,1321.117894,2872.010666,,10622.26684,35.786315,77.8545,459.717894,1373.805263,89.743157,3.564736,29.3,1630000000000.00 ,77.86,0.12,"2,894.00","38,802.00",92.85,10.34,104.75,"1,202.17","10,077.00",752.32,239.4,4.64,8743
2011/3/1,95.42,40747,42994,10.38,114837,9.09,313497,5.97,10685,9.85,1.625,2.718,1199356,8.4,2.04,1131356,2.97,0.74,648136,4.06,1,180366,8.8,2.13,302972,-2.51,-0.63,67049,880782,9.92,2.39,813732,2.3,0.57,12081.47652,2722.28913,1304.486521,2941.886521,,9852.446363,35.42913,76.445217,435.528695,1422.617391,102.981304,3.405217,29.49826,2470000000000.00 ,64.21,-0.1,"1,384.00","37,190.00",79.02,9.03,85.15,"1,029.19","10,059.00",627.97,196.64,4.69,8575
2011/4/1,95.61,40632,42375,7.86,114530,7.66,315495,6.3,10621,6.82,1.75,2.73,1196787,-0.85,-0.21,1124686,-2.34,-0.59,648620,0.3,0.07,178773,-3.49,-0.88,297377,-7.18,-1.85,71497,875873,-2.21,-0.56,804376,-4.52,-1.15,12434.8765,2797.072,1331.505,2995.941052,,9644.625,35.7265,74.903333,437.8075,1481.865,110.0385,3.434,28.999523,1960000000000.00 ,85.26,0.47,"2,547.00","44,904.00",96.6,12.08,109.84,"1,184.27","10,090.00",816.48,253.53,4.48,8861
2011/5/1,95.64,41948,42003,6.18,113747,8.02,313569,5.77,10511,5.31,1.75,2.766,1196787,-0.85,-0.21,1124686,-2.34,-0.59,648620,0.3,0.07,178773,-3.49,-0.88,297377,-7.18,-1.85,71497,875873,-2.21,-0.56,804376,-4.52,-1.15,12579.99286,2815.075714,1338.310476,2827.068571,,9650.783684,36.801428,75.092272,436.238095,1511.014285,101.356666,3.158571,28.74,1990000000000.00 ,80.79,0.17,"2,542.00","32,359.00",92.32,10.77,103.02,"1,160.93","10,106.00",808.19,218.36,4.29,8911
2011/6/1,95.77,41583,43574,7.46,114308,7.38,315301,5.94,10547,3.93,1.75,2.784,1196787,-0.85,-0.21,1124686,-2.34,-0.59,648620,0.3,0.07,178773,-3.49,-0.88,297377,-7.18,-1.85,71497,875873,-2.21,-0.56,804376,-4.52,-1.15,12097.30955,2687.762727,1287.288636,2708.680952,,9541.532272,37.305,74.963181,404.425,1527.995454,96.288636,2.991818,28.809545,1900000000000.00 ,81.29,0.35,"2,111.00","52,145.00",94.85,11.96,102.36,"1,163.06","10,132.00",811.39,257.08,4.27,8749
2011/7/1,95.79,42471,43436,7.68,115781,7.36,318343,6.29,10616,7.14,1.875,2.807,1196666,-0.04,-0.01,1111486,-4.61,-1.17,654309,3.55,0.88,181604,6.49,1.58,275527,-26.31,-7.35,86163,856949,-8.37,-2.16,770786,-15.69,-4.18,12512.3255,2810.5755,1325.1845,2773.559047,,9996.6785,37.4515,75.012857,400.8085,1577.125,97.3405,2.9785,28.832857,2250000000000.00 ,81.26,0.38,"2,619.00","35,431.00",92.82,12.41,101.97,"1,202.80","10,156.00",735.74,232.69,4.35,8681
2011/8/1,95.71,42194,44400,7.33,116767,6.8,317948,5.76,10607,8.39,1.875,2.855,1196666,-0.04,-0.01,1111486,-4.61,-1.17,654309,3.55,0.88,181604,6.49,1.58,275527,-26.31,-7.35,86163,856949,-8.37,-2.16,770786,-15.69,-4.18,11326.61783,2504.623043,1185.305652,2592.500869,,9072.942608,33.523043,74.350869,351.492608,1758.491304,86.340869,2.287391,28.970434,2780000000000.00 ,81.76,0.85,"2,038.00","26,842.00",93.73,11.77,103.47,"1,218.56","10,210.00",823.43,229.02,4.41,7763
2011/9/1,95.8,43105,44008,9.52,115987,5.52,318935,5.73,10648,7.28,1.875,2.855,1196666,-0.04,-0.01,1111486,-4.61,-1.17,654309,3.55,0.88,181604,6.49,1.58,275527,-26.31,-7.35,86163,856949,-8.37,-2.16,770786,-15.69,-4.18,11175.45381,2524.13619,1173.879047,2460.164761,,8695.424,31.742857,77.212272,359.425238,1762.185714,85.61,1.965714,29.715909,1970000000000.00 ,79.79,0.16,"2,392.00","21,706.00",91.74,13.37,101.13,"1,182.71","10,241.00",756.99,218.11,4.45,7385
2011/10/1,95.97,40445,43608,7.24,115655,4.66,320441,5.28,10723,5.63,1.875,2.882,1177923,-6.12,-1.57,1082283,-10.1,-2.63,648593,-3.45,-0.87,181787,0.4,0.1,251745,-30.31,-8.63,96211,859628,1.26,0.31,763417,-3.77,-0.96,11515.93095,2594.781904,1207.21619,2401.141875,,8733.563,31.735714,77.455714,369.698571,1669.914285,86.428095,2.129047,30.28,1690000000000.00 ,80.83,-0.02,"2,359.00","21,243.00",86.38,11.99,98.54,"1,198.18","10,210.00",732.4,208.25,4.28,7345
2011/11/1,96.19,39700,44352,6.96,115913,3.89,321200,5.18,10756,6.34,1.875,2.882,1177923,-6.12,-1.57,1082283,-10.1,-2.63,648593,-3.45,-0.87,181787,0.4,0.1,251745,-30.31,-8.63,96211,859628,1.26,0.31,763417,-3.77,-0.96,11804.33,2606.289047,1226.414761,2456.552272,,8506.105,33.095238,78.137272,374.715714,1742.590476,97.162857,2.006666,30.240454,1770000000000.00 ,82.32,0.15,"2,092.00","22,867.00",89.11,11.46,96.62,"1,213.44","10,223.00",836.26,224.91,4.3,7275
2011/12/1,96.37,45446,45292,5.73,118302,3.26,324519,4.84,11073,7.49,1.875,2.882,1177923,-6.12,-1.57,1082283,-10.1,-2.63,648593,-3.45,-0.87,181787,0.4,0.1,251745,-30.31,-8.63,96211,859628,1.26,0.31,763417,-3.77,-0.96,12075.68286,2601.67,1243.322857,2248.844545,,8505.991904,32.985238,79.807727,364.870952,1641.966666,98.575714,1.969047,30.263636,1320000000000.00 ,81.81,0.17,"2,396.00","25,450.00",85.45,11.99,96.55,"1,143.02","10,243.00",753.63,214.87,4.28,6969
2012/1/1,96.29,83392,45113,2.51,120155,2.78,329702,5.13,13231,4.05,1.875,2.887,1207800,10.54,2.54,1113892,12.2,2.92,660536,7.57,1.84,183913,4.76,1.17,269442,31.23,7.03,93908,854557,-2.34,-0.59,760649,-1.44,-0.36,12550.9865,2743.795,1300.578,2250.153333,,8616.708947,32.704,80.557272,396.097,1660.195,100.3185,1.944,30.010909,1180000000000.00 ,81.76,0.15,"3,378.00","30,241.00",85.19,11.01,97.77,"1,170.12","10,256.00",739.39,205.49,4.18,7177
2012/2/1,96.48,41932,45088,4.61,119354,3.28,328865,4.94,11850,3.81,1.875,2.887,1207800,10.54,2.54,1113892,12.2,2.92,660536,7.57,1.84,183913,4.76,1.17,269442,31.23,7.03,93908,854557,-2.34,-0.59,760649,-1.44,-0.36,12889.0495,2928.9805,1352.4875,2365.988095,,9242.327142,34.5485,79.028571,425.235,1743.835,102.2625,1.9595,29.537142,2550000000000.00 ,70.23,-0.11,"2,311.00","24,948.00",78.08,10.68,86.44,"1,111.41","10,261.00",645.15,197.6,4.18,7856
2012/3/1,96.57,41161,44298,3.03,118972,3.6,329575,5.13,11600,3.6,1.875,2.887,1207800,10.54,2.54,1113892,12.2,2.92,660536,7.57,1.84,183913,4.76,1.17,269442,31.23,7.03,93908,854557,-2.34,-0.59,760649,-1.44,-0.36,13079.465,3035.915909,1389.24,2383.877727,,9962.347142,36.735909,79.652272,428.85,1675.65909,106.205,2.161818,29.525454,2120000000000.00 ,75.14,-0.02,"1,668.00","24,713.00",84.12,9.02,94.51,"1,087.98","10,246.00",706.64,191.48,4.25,8020
2012/4/1,97,41262,44258,4.44,118396,3.38,329306,4.38,11512,5.65,1.875,2.887,1205907,-0.63,-0.16,1122839,3.25,0.8,660298,-0.14,-0.04,185808,4.19,1.03,276732,11.27,2.71,83067,856081,0.72,0.18,773013,6.66,1.63,13030.754,3035.1015,1386.429,2356.645294,,9627.42,36.258,79.575714,416.327,1650.585,103.346,2.028,29.464285,1410000000000.00 ,84.62,0.15,"2,800.00","30,932.00",94.57,12.34,106.45,"1,156.99","10,260.00",790.86,214.4,4.17,7621
2012/5/1,97.04,41706,44661,6.33,118093,3.82,328132,4.64,11415,5.21,1.875,2.887,1205907,-0.63,-0.16,1122839,3.25,0.8,660298,-0.14,-0.04,185808,4.19,1.03,276732,11.27,2.71,83067,856081,0.72,0.18,773013,6.66,1.63,12721.08455,2900.40909,1341.272727,2388.536818,,8842.540952,34.06409,81.11,385.263636,1588.281818,94.715909,1.790909,29.490434,1420000000000.00 ,79.55,0.01,"2,081.00","33,398.00",91.46,11.26,100.9,"1,132.76","10,273.00",765.65,213.02,4.1,7357
2012/6/1,97.03,42653,45157,3.63,118197,3.4,328533,4.2,11517,7.65,1.875,2.887,1205907,-0.63,-0.16,1122839,3.25,0.8,660298,-0.14,-0.04,185808,4.19,1.03,276732,11.27,2.71,83067,856081,0.72,0.18,773013,6.66,1.63,12544.90476,2850.353809,1323.484285,2282.52,,8638.079523,32.604761,82.339047,371.288571,1600.690476,82.405238,1.609047,29.919047,1220000000000.00 ,81.36,0.14,"2,616.00","37,874.00",94.52,12.97,103.96,"1,186.77","10,293.00",778.76,218.3,4.12,7143
2012/7/1,97.26,42177,45772,5.38,119221,2.97,329273,3.43,11486,5.57,1.875,2.927,1226313,6.94,1.69,1125469,0.94,0.23,664848,2.78,0.69,183132,-5.64,-1.44,277489,1.1,0.27,100844,887175,15.34,3.63,786331,7.07,1.72,12814.09429,2920.11238,1359.77619,2168.805454,,8760.678095,33.574285,83.141363,369.506666,1592.519047,87.931428,1.499523,29.976363,1330000000000.00 ,82.89,0.15,"2,615.00","45,036.00",89.29,11.62,98.67,"1,187.19","10,311.00",739.51,210.93,4.21,7187
2012/8/1,97.72,41515,45430,2.32,120441,3.15,331662,4.31,11495,4.58,1.875,2.923,1226313,6.94,1.69,1125469,0.94,0.23,664848,2.78,0.69,183132,-5.64,-1.44,277489,1.1,0.27,100844,887175,15.34,3.63,786331,7.07,1.72,13135.12304,3032.666521,1403.44826,2114.291739,,8949.876086,34.954782,82.202608,397.966956,1629.917391,94.160869,1.670434,29.95913,1550000000000.00 ,82.32,0.48,"1,962.00","37,756.00",93.73,12.61,103.08,"1,209.94","10,338.00",764.61,243.5,4.31,7410
2012/9/1,97.89,43557,45356,3.06,120608,3.98,330753,3.71,11631,5.82,1.875,2.915,1226313,6.94,1.69,1125469,0.94,0.23,664848,2.78,0.69,183132,-5.64,-1.44,277489,1.1,0.27,100844,887175,15.34,3.63,786331,7.07,1.72,13418.49842,3136.802631,1443.419473,2070.146,8400.31,8948.59,36.038421,79.8985,394.254736,1748.805263,94.558421,1.713157,29.512,1580000000000.00 ,82.32,0.1,"2,124.00","35,250.00",94.56,12.87,103.41,"1,186.36","10,357.00",754.08,206.44,4.4,7610
2012/10/1,98.08,40685,45543,4.44,120120,3.86,330837,3.24,11612,7.94,1.875,2.891,1229168,0.93,0.23,1115749,-3.41,-0.86,661286,-2.13,-0.54,185295,4.81,1.18,269168,-11.47,-3,113419,889563,1.08,0.27,776143,-5.08,-1.3,13380.64524,3060.261904,1437.816666,2100.092777,8628.016666,8827.386363,27.311428,79.81913,372.985714,1744.369565,89.570869,1.72238,29.257826,1310000000000.00 ,85.01,-0.01,"1,964.00","26,667.00",90.79,11.46,99.72,"1,191.00","10,336.00",826.87,203.64,4.32,7438
2012/11/1,97.79,39805,45744,3.14,120685,4.12,332429,3.5,11736,10.36,1.875,2.883,1229168,0.93,0.23,1115749,-3.41,-0.86,661286,-2.13,-0.54,185295,4.81,1.18,269168,-11.47,-3,113419,889563,1.08,0.27,776143,-5.08,-1.3,12896.43524,2941.014761,1394.51238,2042.744545,8230.202727,9059.86,26.682857,80.752727,369.295714,1721.319047,86.73238,1.642857,29.116818,1360000000000.00 ,86.87,0.04,"2,383.00","24,470.00",93.24,12.56,102.07,"1,206.89","10,354.00",789.02,203.63,4.33,7256
2012/12/1,98.09,47444,47417,4.69,124184,4.97,335744,3.46,12032,6.66,1.875,2.883,1229168,0.93,0.23,1115749,-3.41,-0.86,661286,-2.13,-0.54,185295,4.81,1.18,269168,-11.47,-3,113419,889563,1.08,0.27,776143,-5.08,-1.3,13144.175,3003.792,1422.2855,2124.663333,8477.674285,9814.377368,30.2485,79.781,382.246,1684.38,88.2455,1.7055,29.064285,1530000000000.00 ,92.77,0.07,"2,822.00","24,500.00",91.5,11.43,101.46,"1,168.34","10,372.00",737.44,186.89,4.27,7631
2013/1/1,98.5,60005,48606,7.74,125515,4.46,339277,2.9,12771,4.88,1.875,2.883,1225477,-1.2,-0.3,1137615,8.07,1.96,668848,4.65,1.14,183677,-3.45,-0.87,285143,25.94,5.94,87769,888654,-0.41,-0.1,800885,13.37,3.19,13615.32286,3125.913333,1480.395238,2311.0435,9383.822,10750.85474,32.590952,79.955,405.52238,1670.447619,94.828571,1.890476,29.093913,1620000000000.00 ,89.72,0.14,"2,629.00","33,964.00",89.69,10.34,98.52,"1,185.08","10,386.00",771.24,201.42,4.18,7759
2013/2/1,98.49,62283,48210,6.92,126312,5.83,341160,3.74,13599,9.79,1.875,2.883,1225477,-1.2,-0.3,1137615,8.07,1.96,668848,4.65,1.14,183677,-3.45,-0.87,285143,25.94,5.94,87769,888654,-0.41,-0.1,800885,13.37,3.19,13967.33,3169.213157,1512.311578,2383.615,9641.474666,11336.44474,33.507894,80.662,423.584736,1627.468421,95.321578,1.968421,29.6405,908000000000.00 ,84.53,0.07,"3,292.00","34,408.00",93.72,11.91,105.44,"1,204.16","10,391.00",756.21,224.93,4.16,7933
2013/3/1,98,41394,48136,8.66,126538,6.36,342288,3.86,13008,7.93,1.875,2.883,1225477,-1.2,-0.3,1137615,8.07,1.96,668848,4.65,1.14,183677,-3.45,-0.87,285143,25.94,5.94,87769,888654,-0.41,-0.1,800885,13.37,3.19,14418.258,3236.167,1550.829,2296.430476,9217.959523,12244.0285,33.576,82.6935,432.3825,1591.505,92.957,1.9465,29.749523,1520000000000.00 ,66.12,-0.3,"1,994.00","30,611.00",76.99,9.13,80.8,"1,024.52","10,372.00",588.17,162.76,4.24,7907
2013/4/1,98.08,41695,48395,9.35,126084,6.49,342726,4.08,12877,9.03,1.875,2.883,1237647,4.03,0.99,1132961,-1.63,-0.41,674268,3.28,0.81,183504,-0.38,-0.09,275214,-13.22,-3.48,104866,899797,5.11,1.25,794931,-2.94,-0.74,14675.90909,3251.351818,1570.702272,2211.796666,8901.866666,13224.06143,32.997727,82.636818,428.067272,1484.627272,92.067727,1.731363,29.830909,1350000000000.00 ,81.86,0.18,"2,276.00","40,634.00",94.27,11.21,100.08,"1,167.57","10,377.00",824,232.6,4.17,7893
2013/5/1,98.16,42166,48134,7.78,126985,7.53,343174,4.58,12845,10.37,1.875,2.883,1237647,4.03,0.99,1132961,-1.63,-0.41,674268,3.28,0.81,183504,-0.38,-0.09,275214,-13.22,-3.48,104866,899797,5.11,1.25,794931,-2.94,-0.74,15172.18045,3440.375454,1639.842727,2264.515,9146.040454,14532.40667,34.301363,83.296086,461.800454,1415.719565,94.757391,1.917272,29.793913,1680000000000.00 ,81.94,0.05,"3,234.00","28,399.00",92.27,11.62,99.26,"1,136.09","10,384.00",763.38,214.73,4.07,8272
2013/6/1,98.24,42619,49831,10.35,128309,8.56,345835,5.27,12860,9.6,1.875,2.883,1237647,4.03,0.99,1132961,-1.63,-0.41,674268,3.28,0.81,183504,-0.38,-0.09,275214,-13.22,-3.48,104866,899797,5.11,1.25,794931,-2.94,-0.74,15035.7545,3416.7415,1618.7725,2119.15,8333.204705,13106.6185,34.004,81.964,466.7435,1342.135,95.8005,2.2895,29.9375,1370000000000.00 ,84.09,0.11,"3,349.00","50,238.00",96.85,12.52,103.69,"1,172.62","10,397.00",806.12,231.58,4.06,7989
2013/7/1,98.05,43040,49767,8.73,129635,8.74,348431,5.82,12854,6.8,1.875,2.882,1247375,3.18,0.79,1136090,1.11,0.28,676660,1.43,0.35,182504,-2.16,-0.54,276958,2.56,0.63,111544,904418,2.07,0.51,792874,-1.03,-0.26,15390.20318,3559.710909,1668.675454,2013.649565,7851.350869,14317.54318,34.652727,82.966521,478.872272,1284.119565,104.555217,2.566363,29.951739,1780000000000.00 ,81.29,0.09,"2,327.00","41,909.00",93.53,13.08,97.47,"1,184.64","10,416.00",806.67,233.54,4.14,8102
2013/8/1,98.07,42241,49843,9.71,130507,8.36,349547,5.39,12760,9.16,1.875,2.882,1247375,3.18,0.79,1136090,1.11,0.28,676660,1.43,0.35,182504,-2.16,-0.54,276958,2.56,0.63,111544,904418,2.07,0.51,792874,-1.03,-0.26,15195.34773,3639.928636,1670.093636,2073.816818,8201.238181,13726.66364,37.843181,81.525,467.984545,1352.668181,106.53909,2.730909,29.957272,1460000000000.00 ,83.92,0.68,"2,607.00","26,355.00",98.68,12.82,102.02,"1,209.72","10,438.00",775.09,219.4,4.25,7932
2013/9/1,98.45,43106,49437,9,130087,7.86,349597,5.7,12825,7.75,1.875,2.882,1247375,3.18,0.79,1136090,1.11,0.28,676660,1.43,0.35,182504,-2.16,-0.54,276958,2.56,0.63,111544,904418,2.07,0.51,792874,-1.03,-0.26,15269.841,3731.262,1687.1735,2185.346842,8515.791052,14372.11684,39.785,81.260476,487.536,1348.257142,106.26,2.801,29.64,1420000000000.00 ,84.42,0.17,"3,360.00","26,764.00",96.79,12.85,102.8,"1,180.24","10,455.00",779.88,190.68,4.33,8193
2013/10/1,98.18,41952,49777,9.3,130654,8.77,351650,6.29,12833,7.24,1.875,2.882,1265929,6.08,1.49,1162310,9.56,2.31,689034,7.52,1.83,182666,0.36,0.09,290674,21.33,4.95,103721,916508,5.46,1.34,812787,10.43,2.51,15289.2913,3848.202608,1720.026521,2186.705555,8575.226111,14329.02273,40.246086,79.945217,498.58826,1316.834782,100.552608,2.600434,29.395217,1650000000000.00 ,88.82,0.06,"3,298.00","36,232.00",92.74,12.27,97.49,"1,214.42","10,437.00",767.83,216.5,4.24,8366
2013/11/1,98.29,41362,50608,10.63,131126,8.65,352345,5.99,12990,5.52,1.875,2.882,1265929,6.08,1.49,1162310,9.56,2.31,689034,7.52,1.83,182666,0.36,0.09,290674,21.33,4.95,103721,916508,5.46,1.34,812787,10.43,2.51,15870.828,3957.533,1783.541,2161.967619,8366.173333,14931.7375,42.751,80.89619,503.99,1273.614285,93.852857,2.7085,29.531904,1440000000000.00 ,91.45,0.15,"3,475.00","30,195.00",95.18,12.28,102.09,"1,229.78","10,454.00",800.18,208.97,4.24,8237
2013/12/1,98.58,46330,52590,10.91,134708,8.47,355189,5.79,13297,7.53,1.875,2.882,1265929,6.08,1.49,1162310,9.56,2.31,689034,7.52,1.83,182666,0.36,0.09,290674,21.33,4.95,103721,916508,5.46,1.34,812787,10.43,2.51,16095.77476,4075.885714,1807.775238,2163.37909,8267.70909,15655.226,43.450952,80.380952,518.109047,1225.009523,97.894285,2.893333,29.745454,1480000000000.00 ,95.18,0.24,"2,239.00","36,019.00",93.03,11.56,100.05,"1,195.47","10,475.00",774.45,199.03,4.16,8431
2014/1/1,98.91,88285,53665,10.41,137942,9.9,359810,6.05,16436,11.64,1.875,2.883,1273359,2.37,0.59,1173804,4.01,0.99,689995,0.56,0.14,190109,17.32,4.07,293821,4.4,1.08,99326,927818,5.03,1.23,828492,7.96,1.93,16243.72238,4154.361904,1822.356666,2036.280952,7735.173809,15578.28,43.383333,80.920434,533.128095,1242.860869,94.983478,2.843333,30.135652,1620000000000.00 ,98.28,0.06,"3,426.00","55,959.00",96.24,11.28,103.28,"1,243.03","10,483.00",793.72,238.88,4.08,8567
2014/2/1,98.92,41751,52341,8.57,136838,8.33,361023,5.82,14338,7.2,1.875,2.883,1273359,2.37,0.59,1173804,4.01,0.99,689995,0.56,0.14,190109,17.32,4.07,293821,4.4,1.08,99326,927818,5.03,1.23,828492,7.96,1.93,15958.44316,4199.451052,1817.034736,2091.485,7684.599375,14617.57053,42.686315,80.492,548.723684,1302.36,100.6705,2.696842,30.317,1330000000000.00 ,83.78,0.05,"3,185.00","30,159.00",92.29,11.12,100.02,"1,237.99","10,487.00",743.36,196.78,4.02,8496
2014/3/1,99.58,42710,52922,9.94,137104,8.35,362593,5.93,14004,9.45,1.875,2.883,1273359,2.37,0.59,1173804,4.01,0.99,689995,0.56,0.14,190109,17.32,4.07,293821,4.4,1.08,99326,927818,5.03,1.23,828492,7.96,1.93,16308.62762,4276.359047,1863.523333,2036.628571,7244.140952,14694.8265,44.672857,79.939047,574.762857,1336.428571,100.509047,2.717142,30.414285,1850000000000.00 ,71.28,-0.08,"2,257.00","34,561.00",82.7,9.97,84.71,"1,045.24","10,472.00",653.99,183.86,4.09,8687
2014/4/1,99.72,42361,53051,9.62,137422,8.99,363901,6.18,13939,4.24,1.875,2.883,1289186,5.07,1.24,1174421,0.21,0.05,696996,4.12,1.01,187973,-4.42,-1.12,289488,-5.77,-1.47,115082,950258,10.03,2.42,835176,3.27,0.81,16399.50238,4119.30619,1864.263333,2074.381428,7413.07,14475.33381,42.314761,79.945714,579.093333,1298.423809,102.034761,2.692857,30.2,1810000000000.00 ,88.44,0.19,"2,855.00","50,377.00",97.33,11.38,101.95,"1,186.82","10,479.00",858.19,251.89,4.03,8900
2014/5/1,99.77,44482,52288,8.63,136495,7.49,363666,5.97,13973,2.92,1.875,2.883,1289186,5.07,1.24,1174421,0.21,0.05,696996,4.12,1.01,187973,-4.42,-1.12,289488,-5.77,-1.47,115082,950258,10.03,2.42,835176,3.27,0.81,16567.25476,4135.374285,1889.767142,2029.7525,7257.635,14343.1445,42.251428,80.016363,582.27,1287.934782,101.907727,2.553333,30.130909,1690000000000.00 ,90.71,0.16,"3,176.00","42,310.00",96.54,11.68,104.8,"1,192.52","10,493.00",823.27,233.35,3.91,8936
2014/6/1,99.81,42560,53267,6.89,137164,6.9,364435,5.38,13982,6.2,1.875,2.883,1289186,5.07,1.24,1174421,0.21,0.05,696996,4.12,1.01,187973,-4.42,-1.12,289488,-5.77,-1.47,115082,950258,10.03,2.42,835176,3.27,0.81,16843.75476,4332.737619,1947.087619,2043.015,7285.767,15131.79762,44.605714,80.49,624.761428,1282.161904,105.146666,2.592857,29.994761,1840000000000.00 ,88.55,0.17,"2,702.00","29,343.00",100.65,12.59,106.07,"1,219.11","10,508.00",820.25,213.72,3.85,9229
2014/7/1,99.77,45884,53920,8.35,139118,7.32,367925,5.59,13950,4.56,1.875,2.883,1303711,4.58,1.13,1191504,5.95,1.45,705258,4.83,1.19,189644,3.6,0.89,296710,10.36,2.49,112109,971316,9.16,2.22,859206,12.02,2.88,16988.26409,4434.125909,1973.1,2086.22913,7408.942608,15379.29318,46.554545,80.596956,637.179545,1311.1,102.451304,2.530454,29.952608,2330000000000.00 ,90.23,0.14,"2,603.00","39,204.00",100.25,12.5,103.25,"1,233.73","10,516.00",824.95,243.38,3.92,9474
2014/8/1,100,44502,54115,8.57,140135,7.38,369634,5.75,14094,4.33,1.875,2.883,1303711,4.58,1.13,1191504,5.95,1.45,705258,4.83,1.19,189644,3.6,0.89,296710,10.36,2.49,112109,971316,9.16,2.22,859206,12.02,2.88,16775.15429,4464.831428,1961.531904,2218.361904,7944.757142,15358.70429,45.240952,81.919047,623.68238,1294.722727,96.07619,2.41238,29.979047,1740000000000.00 ,88.63,0.74,"2,936.00","38,427.00",104.17,13.14,108.14,"1,244.27","10,542.00",817.57,227.64,4.02,9266
2014/9/1,100.02,44382,53968,9.16,139270,7.06,367182,5.03,14064,6.02,1.875,2.883,1303711,4.58,1.13,1191504,5.95,1.45,705258,4.83,1.19,189644,3.6,0.89,296710,10.36,2.49,112109,971316,9.16,2.22,859206,12.02,2.88,17098.12667,4551.585714,1993.22619,2317.070476,8069.447142,15948.4695,46.891428,84.432727,644.639047,1237.504545,93.161363,2.529047,30.124545,1510000000000.00 ,89.04,0.22,"2,424.00","28,475.00",103.99,13.31,104.15,"1,206.37","10,560.00",856.7,221.41,4.08,9229
2014/10/1,99.93,42198,54184,8.85,139166,6.52,368758,4.87,14181,6.1,1.875,2.883,1310278,2.03,0.5,1198738,2.45,0.61,709611,2.49,0.62,191462,3.89,0.96,297753,1.41,0.35,111468,971583,0.11,0.03,860114,0.42,0.11,16701.87043,4403.230434,1937.274347,2354.653888,8102.926666,15394.11045,45.209565,85.784782,600.691739,1222.930434,84.33913,2.289565,30.400434,1680000000000.00 ,101.72,-0.03,"2,856.00","33,795.00",102.47,12.74,104.52,"1,244.66","10,552.00",807.66,228.27,3.96,8819
2014/11/1,99.31,42370,54382,7.46,140234,6.95,372310,5.67,14345,3.94,1.875,2.883,1310278,2.03,0.5,1198738,2.45,0.61,709611,2.49,0.62,191462,3.89,0.96,297753,1.41,0.35,111468,971583,0.11,0.03,860114,0.42,0.11,17648.97737,4687.702631,2044.572105,2493.2605,8399.932,17179.02722,47.838421,87.8065,652.639473,1176.81,75.447,2.323157,30.7325,1420000000000.00 ,106.97,0.13,"2,628.00","27,114.00",105.4,12.67,107.94,"1,248.08","10,571.00",831.02,212.66,3.95,9016
2014/12/1,99.26,46461,55692,5.9,143101,6.23,376968,6.13,14609,4.57,1.875,2.883,1310278,2.03,0.5,1198738,2.45,0.61,709611,2.49,0.62,191462,3.89,0.96,297753,1.41,0.35,111468,971583,0.11,0.03,860114,0.42,0.11,17754.24045,4732.700909,2054.266363,2994.526086,10386.90783,17541.69429,47.579545,89.298636,686.726363,1199.160869,59.143043,2.205454,31.394782,1870000000000.00 ,105.04,0.16,"2,462.00","28,931.00",101.28,11.87,101.46,"1,205.23","10,587.00",832.8,238.35,3.89,9109
2015/1/1,98.42,51968,55705,3.8,143651,4.14,380325,5.7,14746,-2.66,1.875,2.883,1318681,2.59,0.64,1192817,-1.96,-0.49,713144,2.01,0.5,187654,-7.72,-1.99,292021,-7.48,-1.93,126675,979669,3.37,0.83,852993,-3.27,-0.83,17542.255,4673.7015,2028.1785,3293.872,11376.3465,17274.39947,52.5,93.190952,671.189,1252.182608,47.726086,1.8745,31.650909,1740000000000.00 ,109.17,0.1,"2,936.00","32,966.00",105,11.61,106.84,"1,273.63","10,599.00",813.67,228.54,3.79,9282
2015/2/1,98.31,86666,56528,8,146214,6.85,385920,6.9,16801,6.49,1.875,2.883,1318681,2.59,0.64,1192817,-1.96,-0.49,713144,2.01,0.5,187654,-7.72,-1.99,292021,-7.48,-1.93,126675,979669,3.37,0.83,852993,-3.27,-0.83,17945.41211,4854.255789,2082.195789,3186.547333,11301.58,18053.20474,56.663684,94.4915,693.656842,1225.419047,51.020952,1.971052,31.5525,930000000000.00 ,98.1,0.14,"2,989.00","27,972.00",102.46,11.49,106.51,"1,232.08","10,606.00",810.35,241.49,3.71,9506
2015/3/1,98.96,43016,56136,6.07,144922,5.7,385971,6.45,15443,3.23,1.875,2.883,1318681,2.59,0.64,1192817,-1.96,-0.49,713144,2.01,0.5,187654,-7.72,-1.99,292021,-7.48,-1.93,126675,979669,3.37,0.83,852993,-3.27,-0.83,17931.745,4938.010454,2079.990454,3483.941818,12178.42545,19197.56773,58.04,98.027727,710.617727,1177.768181,47.85409,2.041363,31.435,1970000000000.00 ,75.65,-0.34,"1,900.00","24,837.00",85.42,9.72,84.92,"1,054.86","10,606.00",633.37,176.87,3.69,9611
2015/4/1,98.82,43343,55958,5.48,145613,5.96,388279,6.7,15297,6.81,1.875,2.883,1300647,-5.36,-1.37,1218655,8.95,2.17,722285,5.23,1.28,189972,5.03,1.24,306616,21.54,5,80502,943226,-14.07,-3.72,862724,4.64,1.14,17970.51333,4985.951428,2094.862857,4186.231904,14157.17095,19767.92333,61.509047,97.720454,699.465238,1199.877272,54.378636,1.927619,30.97909,1940000000000.00 ,97.23,0.27,"1,989.00","33,240.00",104.93,11.73,107.19,"1,179.78","10,606.00",808.27,241.75,3.72,9680
2015/5/1,98.94,43845,55827,6.77,145326,6.47,388850,6.92,15125,8.06,1.875,2.883,1300647,-5.36,-1.37,1218655,8.95,2.17,722285,5.23,1.28,189972,5.03,1.24,306616,21.54,5,80502,943226,-14.07,-3.72,862724,4.64,1.14,18124.713,5029.4315,2111.9435,4467.845,15300.8165,19974.18722,62.466,95.321428,711.4,1198.913636,59.418636,2.193,30.621904,1710000000000.00 ,94.27,0.03,"1,935.00","31,087.00",99.56,11.78,103.21,"1,168.77","10,616.00",743.8,209.49,3.63,9689
2015/6/1,99.06,44581,56690,6.43,145491,6.07,387497,6.33,15092,4.17,1.875,2.883,1300647,-5.36,-1.37,1218655,8.95,2.17,722285,5.23,1.28,189972,5.03,1.24,306616,21.54,5,80502,943226,-14.07,-3.72,862724,4.64,1.14,17927.21909,5073.041818,2099.283636,4798.02,16695.55762,20403.84045,62.104545,95.292727,717.317272,1180.781818,59.828636,2.358181,30.905,1820000000000.00 ,90.06,0.14,"2,416.00","28,250.00",100.39,12.64,101.32,"1,166.97","10,627.00",797.9,212.62,3.62,9355
2015/7/1,99.01,46964,56816,5.37,146476,5.29,389499,5.86,15103,7.49,1.875,2.883,1299288,-0.42,-0.1,1204413,-4.59,-1.17,714357,-4.32,-1.1,189572,-0.84,-0.21,300628,-7.59,-1.95,94383,941762,-0.62,-0.16,847379,-6.93,-1.78,17795.01682,5082.81,2094.143636,3848.249565,12578.69957,20372.58409,65.001818,97.065652,660.213181,1129.83913,51.129565,2.315909,31.190434,1860000000000.00 ,92.71,0.07,"2,986.00","45,531.00",100.46,12.68,101.87,"1,196.69","10,631.00",719.55,228.27,3.71,8964
2015/8/1,99.04,44882,58187,7.52,148948,6.29,392125,6.08,15124,5.67,1.875,2.883,1299288,-0.42,-0.1,1204413,-4.59,-1.17,714357,-4.32,-1.1,189572,-0.84,-0.21,300628,-7.59,-1.95,94383,941762,-0.62,-0.16,847379,-6.93,-1.78,17061.59333,4934.622857,2039.86619,3594.017619,12168.2581,19919.09048,63.631904,96.425714,618.841904,1118.733333,42.889047,2.16238,32.205714,1830000000000.00 ,93.15,0.58,"2,299.00","46,409.00",101.18,13.46,103.49,"1,188.37","10,653.00",737.39,222.55,3.82,8156
2015/9/1,99.22,44759,57966,7.41,148841,6.87,392072,6.78,15238,4.55,1.75,2.883,1299288,-0.42,-0.1,1204413,-4.59,-1.17,714357,-4.32,-1.1,189572,-0.84,-0.21,300628,-7.59,-1.95,94383,941762,-0.62,-0.16,847379,-6.93,-1.78,16339.95,4748.004285,1944.40238,3127.9925,10066.6075,17944.22316,60.207619,95.868636,605.050952,1123.482608,45.443043,2.167619,32.679545,1490000000000.00 ,91.46,0.09,"2,026.00","38,553.00",96.97,12.85,97.65,"1,171.26","10,673.00",773.87,229.66,3.9,8206
2015/10/1,99.55,42888,57884,6.83,149126,7.16,393635,6.75,15269,4.44,1.75,2.857,1299661,0.11,0.03,1213158,2.94,0.73,725852,6.59,1.61,191200,3.48,0.86,296083,-5.91,-1.51,85375,942076,0.13,0.03,856701,4.47,1.1,17182.28227,4879.036818,2024.812727,3342.478823,11253.52824,18374.10571,60.834545,95.788181,645.217272,1159.85909,46.289545,2.059545,32.445,1690000000000.00 ,109.1,-0.13,"2,267.00","33,794.00",96.57,12.35,98.52,"1,188.14","10,659.00",748.65,214.09,3.89,8551
2015/11/1,99.25,42545,58701,7.94,149442,6.57,394569,5.98,15335,6.11,1.75,2.829,1299661,0.11,0.03,1213158,2.94,0.73,725852,6.59,1.61,191200,3.48,0.86,296083,-5.91,-1.51,85375,942076,0.13,0.03,856701,4.47,1.1,17724.5135,5082.508,2080.6165,3561.191428,12334.72476,19581.77053,68.8405,99.146666,663.255,1083.37619,42.907142,2.265,32.63,1680000000000.00 ,113.15,0.05,"1,919.00","36,797.00",97.97,12.65,102,"1,214.47","10,669.00",798.55,233.94,3.9,8503
2015/12/1,99.19,46736,60603,8.82,152926,6.87,398840,5.8,15654,5.79,1.625,2.829,1299661,0.11,0.03,1213158,2.94,0.73,725852,6.59,1.61,191200,3.48,0.86,296083,-5.91,-1.51,85375,942076,0.13,0.03,856701,4.47,1.1,17542.855,5040.54,2054.079545,3546.044782,12580.21565,19202.57667,71.073181,98.350909,672.1,1069.945454,37.327272,2.240454,32.84,1610000000000.00 ,109.31,0.11,"2,085.00","38,286.00",93.45,11.96,97.13,"1,177.74","10,681.00",734.2,241.05,3.91,8298
2016/1/1,99.06,75321,60727,9.01,153822,7.08,402398,5.8,16459,6.84,1.625,2.802,1309992,3.22,0.79,1218132,1.65,0.41,731735,3.28,0.81,200804,21.66,5.02,284952,-14.21,-3.76,92279,937987,-1.73,-0.43,845707,-5.04,-1.28,16305.25211,4610.71421,1918.597894,2983.3715,10300.372,17302.29737,67.866315,99.063,602.111052,1096.857142,31.595714,2.075789,33.425238,1600000000000.00 ,104.93,0.08,"2,604.00","36,498.00",97.45,12,100.16,"1,231.07","10,687.00",736.21,214.08,3.87,7871
2016/2/1,99.37,59508,59977,6.1,154369,5.58,404169,4.73,17082,3.18,1.625,2.76,1309992,3.22,0.79,1218132,1.65,0.41,731735,3.28,0.81,200804,21.66,5.02,284952,-14.21,-3.76,92279,937987,-1.73,-0.43,845707,-5.04,-1.28,16299.8985,4463.206,1904.4185,2803.190625,9837.093125,16346.961,68.6605,97.056666,597.2275,1203.172727,30.545909,1.778,33.235714,906000000000.00 ,93.6,0.05,"2,087.00","38,621.00",93.4,11.4,98.25,"1,205.96","10,688.00",734.61,233.7,3.87,8247
2016/3/1,99.65,43880,60474,7.73,153823,6.14,404123,4.7,16418,8.7,1.5,2.76,1309992,3.22,0.79,1218132,1.65,0.41,731735,3.28,0.81,200804,21.66,5.02,284952,-14.21,-3.76,92279,937987,-1.73,-0.43,845707,-5.04,-1.28,17302.14273,4754.47909,2021.95409,2908.613043,9904.517826,16897.34045,70.706818,96.267727,659.646363,1243.656521,37.960909,1.885909,32.593043,1950000000000.00 ,75.87,-0.26,873,"26,835.00",78.78,9.83,79.19,981.32,"10,675.00",590.77,177.48,3.95,8688
2016/4/1,99.85,43560,60644,8.37,154663,6.22,406068,4.58,16320,3.08,1.5,2.714,1315900,1.82,0.45,1231294,4.39,1.08,734286,1.4,0.35,194308,-12.33,-3.23,302699,27.34,6.23,82468,950511,5.45,1.34,868043,10.99,2.64,17844.36571,4892.168095,2075.535238,3005.072,10414.218,16543.4675,74.817619,94.391904,671.476666,1242.538095,41.124761,1.798571,32.345714,1330000000000.00 ,99.93,0.07,"2,202.00","32,923.00",100.25,11.69,104.4,"1,139.07","10,680.00",749.21,232.13,3.89,8568
2016/5/1,100.01,45828,60242,7.91,153644,5.72,403939,3.88,16133,4.13,1.5,2.686,1315900,1.82,0.45,1231294,4.39,1.08,734286,1.4,0.35,194308,-12.33,-3.23,302699,27.34,6.23,82468,950511,5.45,1.34,868043,10.99,2.64,17692.32,4788.235238,2065.550476,2859.86238,9929.385238,16612.67316,76.387619,94.556363,655.327142,1257.43409,47.035652,1.803333,32.563181,1390000000000.00 ,90.18,0.01,"1,253.00","30,181.00",93.95,12.03,97.19,"1,129.51","10,683.00",720.25,212.96,3.86,8235
2016/6/1,100,44998,61144,7.86,154085,5.91,405531,4.65,16151,4.6,1.5,2.686,1315900,1.82,0.45,1231294,4.39,1.08,734286,1.4,0.35,194308,-12.33,-3.23,302699,27.34,6.23,82468,950511,5.45,1.34,868043,10.99,2.64,17754.86773,4856.232727,2083.891363,2899.1875,10246.584,16068.81091,75.792727,94.712727,694.920454,1276.745454,48.853181,1.640909,32.317826,1390000000000.00 ,91.63,0.07,"1,747.00","53,272.00",100.46,13.03,101.78,"1,150.37","10,688.00",763.61,248.36,3.84,8595
2016/7/1,100.08,46919,60488,6.46,155741,6.32,407836,4.71,16218,4.01,1.375,2.681,1328695,3.95,0.97,1238476,2.35,0.58,734662,0.2,0.05,195860,3.23,0.8,308072,7.29,1.78,87221,974395,10.44,2.51,887174,9.11,2.2,18341.1825,5023.989,2148.902,3016.883809,10663.2,16168.3195,81.3175,96.559523,726.6155,1338.25909,45.165909,1.5,32.110952,1570000000000.00 ,96.45,0.08,"1,961.00","47,092.00",102.05,12.94,101.96,"1,178.04","10,694.00",743.41,240.41,3.92,8900
2016/8/1,99.98,45713,61768,6.15,158611,6.49,408768,4.24,16188,5.97,1.375,2.639,1328695,3.95,0.97,1238476,2.35,0.58,734662,0.2,0.05,195860,3.23,0.8,308072,7.29,1.78,87221,974395,10.44,2.51,887174,9.11,2.2,18495.18739,5217.03826,2177.482173,3050.022608,10611.47913,16586.07045,87.173913,95.344782,784.505652,1337.956521,44.79913,1.555652,31.555652,1710000000000.00 ,94.54,0.48,"2,164.00","56,302.00",102.06,13.43,101.2,"1,186.58","10,716.00",776,257.41,4.02,9094
2016/9/1,100.15,45205,60946,5.14,157644,5.91,407685,3.98,16292,3.95,1.375,2.639,1328695,3.95,0.97,1238476,2.35,0.58,734662,0.2,0.05,195860,3.23,0.8,308072,7.29,1.78,87221,974395,10.44,2.51,887174,9.11,2.2,18267.40286,5254.154285,2157.690952,3036.4655,10606.1865,16737.0415,86.150952,95.447272,802.018095,1325.423913,45.170434,1.63,31.463181,1350000000000.00 ,101.99,0.1,"1,961.00","54,349.00",105.48,13.62,105.38,"1,198.74","10,732.00",780.01,263.98,4.08,9131
2016/10/1,100.58,43069,61799,6.76,158862,6.53,408709,3.83,16358,4.46,1.375,2.631,1337290,2.61,0.65,1248810,3.38,0.83,741629,3.85,0.95,195666,-0.4,-0.1,311699,4.79,1.18,80483,1017391,18.85,4.41,936908,24.38,5.61,18184.54667,5255.989523,2143.020952,3085.989375,10770.9625,17044.5105,82.268571,97.701904,821.58,1263.671428,49.94,1.75619,31.574285,1270000000000.00 ,115.04,-0.06,"2,146.00","49,447.00",104.38,12.67,98.41,"1,192.63","10,719.00",712.91,257,3.99,9274
2016/11/1,100.65,43876,61853,5.37,158351,5.96,409443,3.77,16391,4.19,1.375,2.631,1337290,2.61,0.65,1248810,3.38,0.83,741629,3.85,0.95,195666,-0.4,-0.1,311699,4.79,1.18,80483,1017391,18.85,4.41,936908,24.38,5.61,18697.32667,5260.565238,2164.985714,3195.515454,10883.53909,17689.54,79.744761,99.799545,849.263333,1233.102272,45.865,2.1385,31.761818,1610000000000.00 ,114.01,0.1,"1,433.00","65,389.00",104.71,13.16,101.75,"1,221.37","10,735.00",840.86,292.94,3.95,9098
2016/12/1,100.61,47728,63420,4.65,161777,5.79,413018,3.55,16804,5.15,1.375,2.631,1337290,2.61,0.65,1248810,3.38,0.83,741629,3.85,0.95,195666,-0.4,-0.1,311699,4.79,1.18,80483,1017391,18.85,4.41,936908,24.38,5.61,19712.42381,5413.116666,2246.629047,3155.841363,10446.26955,19066.02762,79.701428,102.005238,898.111428,1149.95,52.212272,2.487619,32.02409,1320000000000.00 ,116.49,0.18,"1,509.00","50,358.00",107.29,12.47,104.94,"1,236.08","10,750.00",801.18,269.08,3.87,9245
2017/1/1,100.29,93144,62834,3.47,163240,6.12,416641,3.54,19929,8.84,1.375,2.631,1343734,1.94,0.48,1240708,-2.57,-0.65,744616,1.62,0.4,187477,-15.72,-4.19,308949,-3.48,-0.88,99691,1010009,-2.87,-0.73,910317,-10.88,-2.84,19908.1525,5561.4235,2275.116,3136.324444,10070.47222,19194.05632,81.991,101.115714,927.714,1192.219565,52.659565,2.426,31.691363,1070000000000.00 ,109.04,0.12,"2,035.00","58,365.00",107.2,12.44,105.54,"1,261.63","10,758.00",820.74,276.38,3.79,9352
2017/2/1,100.82,45720,61357,2.3,161590,4.68,418120,3.45,17852,4.37,1.375,2.631,1343734,1.94,0.48,1240708,-2.57,-0.65,744616,1.62,0.4,187477,-15.72,-4.19,308949,-3.48,-0.88,99691,1010009,-2.87,-0.73,910317,-10.88,-2.84,20424.14421,5764.702105,2329.910526,3211.459444,10255.75778,19188.733,92.847368,100.6835,970.878947,1234.847619,53.501904,2.418947,30.876,1740000000000.00 ,94.03,0.06,"2,142.00","52,381.00",99.26,11.52,97.23,"1,224.80","10,764.00",757.13,249.02,3.78,9674
2017/3/1,100.65,44144,61901,2.36,160598,4.4,418651,3.59,17522,1.75,1.375,2.631,1343734,1.94,0.48,1240708,-2.57,-0.65,744616,1.62,0.4,187477,-15.72,-4.19,308949,-3.48,-0.88,99691,1010009,-2.87,-0.73,910317,-10.88,-2.84,20823.05783,5864.964347,2366.822173,3240.68826,10510.76043,19340.17727,96.232608,100.656086,995.202173,1230.37826,49.673913,2.479565,30.63,2000000000000.00 ,87.05,-0.09,"1,205.00","42,618.00",92.09,10.73,89.06,"1,037.54","10,751.00",702.8,224.83,3.85,9796
2017/4/1,100.69,44359,61758,1.84,160368,3.69,420245,3.49,17394,6.92,1.375,2.63,1352804,2.73,0.68,1254347,4.47,1.1,750044,2.95,0.73,197216,22.45,5.19,307068,-2.41,-0.61,94709,1010025,0.01,0,915316,2.21,0.55,20684.69368,5912.169473,2359.309473,3213.265,10432.39167,18736.3905,98.120526,99.942105,993.722631,1269.7025,51.117368,2.292631,30.383,1480000000000.00 ,106.38,0.21,"1,899.00","46,911.00",108.82,12.23,107.95,"1,195.30","10,756.00",792.48,259.98,3.78,9801
2017/5/1,100.76,48848,61617,2.28,160568,4.51,419346,3.81,17335,5.97,1.375,2.63,1352804,2.73,0.68,1254347,4.47,1.1,750044,2.95,0.73,197216,22.45,5.19,307068,-2.41,-0.61,94709,1010025,0.01,0,915316,2.21,0.55,20936.81136,6124.878181,2395.345909,3094.579,9929.0585,19726.7565,99.223636,98.130434,1047.207272,1245.737916,48.6575,2.304545,30.135217,1690000000000.00 ,92.5,0.11,"1,813.00","51,271.00",94.85,12.2,95.37,"1,149.98","10,769.00",738.98,242.43,3.67,9994
2017/6/1,100.84,44746,62965,2.98,161592,4.87,420009,3.57,17308,5.97,1.375,2.63,1352804,2.73,0.68,1254347,4.47,1.1,750044,2.95,0.73,197216,22.45,5.19,307068,-2.41,-0.61,94709,1010025,0.01,0,915316,2.21,0.55,21317.79545,6224.285909,2433.985454,3145.781363,10215.70591,20045.62773,104.26409,96.795909,1083.872727,1260.05909,45.195909,2.185454,30.274545,2120000000000.00 ,96.03,0.12,"1,580.00","43,262.00",103.78,13.06,101.97,"1,187.77","10,776.00",769.31,258.9,3.66,10259
2017/7/1,101,48333,62998,4.15,163256,4.83,421147,3.26,17359,5.1,1.375,2.631,1366130,4,0.99,1233871,-6.37,-1.63,755973,3.2,0.79,198234,2.08,0.52,278695,-32.15,-9.24,129518,1073084,27.41,6.24,943565,12.93,3.09,21581.251,6294.674,2454.1025,3222.185238,10409.38143,20044.862,106.685,94.711904,1086.0335,1235.559523,46.696666,2.313,30.40619,1970000000000.00 ,105.54,0.19,"1,813.00","32,485.00",107.42,13.2,105.53,"1,217.63","10,783.00",777.74,237.33,3.74,10426
2017/8/1,101.04,46368,63903,3.46,166075,4.71,424076,3.74,17400,5.25,1.375,2.631,1366130,4,0.99,1233871,-6.37,-1.63,755973,3.2,0.79,198234,2.08,0.52,278695,-32.15,-9.24,129518,1073084,27.41,6.24,943565,12.93,3.09,21914.07696,6311.397391,2456.223043,3287.491739,10581.82217,19670.16909,111.188695,93.08,1085.060869,1283.795652,48.057826,2.20826,30.250434,2510000000000.00 ,101.09,0.62,"2,370.00","27,883.00",104.38,13.73,102.42,"1,217.44","10,804.00",823.94,263.26,3.84,10436
2017/9/1,101.18,45814,62855,3.13,164810,4.55,422274,3.58,17509,8.27,1.375,2.631,1366130,4,0.99,1233871,-6.37,-1.63,755973,3.2,0.79,198234,2.08,0.52,278695,-32.15,-9.24,129518,1073084,27.41,6.24,943565,12.93,3.09,22173.414,6428.079,2492.841,3363.203809,11035.75333,19924.3985,114.947,92.243333,1133.4535,1316.277272,49.648636,2.2025,30.134761,2570000000000.00 ,105.69,0.14,"2,189.00","27,889.00",111.48,13.98,109.34,"1,264.34","10,820.00",840.25,264.77,3.89,10501
2017/10/1,101.53,44517,63743,3.15,165887,4.42,424199,3.79,17590,6.19,1.375,2.632,1382382,4.84,1.19,1254390,6.82,1.66,761689,3.06,0.76,194687,-6.97,-1.79,297702,30.2,6.82,124979,1076820,1.4,0.35,951840,3.55,0.88,23036.23727,6603.011363,2556.997272,3386.9,11325.82882,21267.49048,120.756363,93.568636,1221.093181,1279.25,51.594545,2.358636,30.265454,2210000000000.00 ,117.83,-0.03,"2,309.00","38,685.00",109.73,13.61,105.08,"1,263.09","10,808.00",869.47,270.94,3.77,10684
2017/11/1,102.11,45133,64033,3.52,165523,4.53,425867,4.01,17650,7.67,1.375,2.632,1382382,4.84,1.19,1254390,6.82,1.66,761689,3.06,0.76,194687,-6.97,-1.79,297702,30.2,6.82,124979,1076820,1.4,0.35,951840,3.55,0.88,23557.92952,6796.045238,2593.605714,3388.215,11360.55045,22525.81381,126.434285,93.877727,1306.794761,1281.18909,56.740909,2.354761,30.088181,2820000000000.00 ,119.25,0.12,"2,181.00","47,290.00",107.51,13.55,103.39,"1,266.19","10,825.00",832.34,286.78,3.75,10743
2017/12/1,102.28,49083,65244,2.88,167414,3.48,427702,3.56,17913,4.03,1.375,2.632,1382382,4.84,1.19,1254390,6.82,1.66,761689,3.06,0.76,194687,-6.97,-1.79,297702,30.2,6.82,124979,1076820,1.4,0.35,951840,3.55,0.88,24545.384,6889.7405,2664.3405,3293.65,11008.21952,22769.89095,127.563,93.202,1252.4795,1266.157142,57.977619,2.404,29.964285,2270000000000.00 ,124.16,0.21,"2,303.00","34,168.00",109.02,12.8,105.42,"1,286.67","10,840.00",869.41,283.86,3.71,10501
2018/1/1,102.07,59093,66294,5.51,168517,3.23,430024,3.21,18197,-1.47,1.375,2.631,1385106,0.79,0.2,1269208,4.81,1.18,765540,2.04,0.51,199652,10.6,2.55,303728,8.34,2.02,110503,1077255,0.16,0.04,966752,6.42,1.57,25804.01762,7279.498095,2789.803809,3457.016363,11387.61864,23712.21,135.730952,90.530454,1343.777619,1330.883333,63.587083,2.583333,29.424782,2970000000000.00 ,122.76,0.12,"2,502.00","43,862.00",111.67,12.51,104.98,"1,306.92","10,847.00",884.84,262.33,3.66,11005
2018/2/1,102.25,86832,66436,8.28,170563,5.55,433344,3.64,19913,7.22,1.375,2.631,1385106,0.79,0.2,1269208,4.81,1.18,765540,2.04,0.51,199652,10.6,2.55,303728,8.34,2.02,110503,1077255,0.16,0.04,966752,6.42,1.57,24981.54526,7161.772631,2705.155263,3296.35,10570.928,21991.68211,141.80421,89.591,1312.659473,1331.87619,62.170952,2.86,29.244,1730000000000.00 ,108.11,0.12,"2,660.00","42,259.00",108.58,12.36,108.87,"1,287.54","10,851.00",812.47,288.87,3.63,10718
2018/3/1,102.33,46132,65885,6.44,169103,5.3,433114,3.45,18921,4.99,1.375,2.631,1385106,0.79,0.2,1269208,4.81,1.18,765540,2.04,0.51,199652,10.6,2.55,303728,8.34,2.02,110503,1077255,0.16,0.04,966752,6.42,1.57,24582.17048,7311.506666,2702.773809,3247.753636,10943.79545,21395.50762,152.26619,89.719047,1385.017142,1324.238095,62.771904,2.844285,29.19909,2720000000000.00 ,81.28,-0.32,"1,698.00","31,882.00",87.73,10.43,85.68,"1,063.90","10,838.00",653.43,217.29,3.7,10904