date,CPI,Salary,M1A(期底）金額,M1B(期底),M2(期底),準備貨幣（通貨淨額）,重貼現率,基準放款利率,連鎖實質值_GDP合計_金額(新台幣百萬元),連鎖實質值_國內需求_金額(新台幣百萬元),連鎖實質值_民間消費_金額(新台幣百萬元),連鎖實質值_政府消費_金額(新台幣百萬元),連鎖實質值_資本形成_金額(新台幣百萬元),連鎖實質值_國外淨需求_金額(新台幣百萬元),連鎖實質值_商品與服務輸出_金額(新台幣百萬元),連鎖實質值_商品與服務輸入_金額(新台幣百萬元),道瓊工業指數(DJI),那斯達克指數(IXIC),標準普爾指數(GSPC),上證指數(SSEC),深圳成指(SZSC1),日經指數(N225), 摩台指 ,美元指數(DXM8), 費城半導體(SOX) , 黃金價格(Gold) ,WTI原油(WTIoil),十年期美債利率(TNXbond),台幣兌美元匯率(USD_TWD),台股成交量,外銷訂單指數(Index 2011=100),工業及服務業受僱員工淨進入率(%),核發建照面積(千平方公尺),半導體設備進口值(新台幣百萬元),工業生產指數(Index 2016=100),電力(企業)總用電量(十億度),製造業銷售量指數(Index 2016=100),批發、零售及餐飲業營業額(十億元),非農業部門就業人數(千人),海關出口值(十億元),機械及電機設備進口值(十億元),失業率(單位：％),台股加權指數,預測台股指數漲跌
2000/2/1,0.011,-0.2109,-0.0633,-0.0224,0.0013,-0.068,0,0,0,0,0,0,0,0,0,0,-0.0655,0.099,-0.0258,0.1354,0,0.0393,0,0,0.2586,0.0533,0.0845,-0.0195,-0.0027,-0.3143,-0.0271,0.08,0.0649,0,-0.0371,-0.0043,-0.0112,0.0079,-0.0003,0.0635,-0.022,-0.0386,0.0717,下降
2000/3/1,-0.0058,-0.2748,-0.0159,0.0187,0.0085,-0.0581,0.0278,0.0005,0,0,0,0,0,0,0,0,-0.0056,0.0889,0.0384,0.0369,0,0.0076,0,0,0.302,-0.0471,0.0204,-0.0415,-0.0008,0.375,-0.0978,-0.28,-0.114,0,-0.1771,-0.0676,-0.1895,-0.0328,-0.0096,-0.2524,-0.0924,0.062,-0.0559,持平
2000/4/1,-0.0006,-0.0068,0.0025,-0.0227,-0.004,-0.0281,0,0,0.0323,0.026,0.0082,0.0369,0.0562,0.0324,0.0686,0.0578,0.044,-0.1956,0.0133,0.0552,0,-0.016,0,0,-0.1306,-0.0216,-0.1458,-0.0429,-0.0068,-0.0581,0.279,0.22,0.3732,0,0.3,0.1713,0.3264,0.0515,0.0021,0.3285,0.2211,-0.0275,0.0033,下降
2000/5/1,0.0035,0.0068,-0.0236,-0.0355,-0.0082,-0.0321,0,0,0,0,0,0,0,0,0,0,-0.0333,-0.0868,-0.0293,-0.0074,0,-0.1269,0,0,-0.0706,-0.0173,0.128,0.0749,0.0083,-0.3807,-0.022,0.15,-0.1986,0,-0.0617,0,-0.0809,-0.005,0.0027,0.0203,0.0753,-0.0353,-0.0744,持平
2000/6/1,-0.0009,0.0266,0.0351,0.0137,0.0099,0.0078,0.027,0,0,0,0,0,0,0,0,0,0.0003,0.0955,0.0307,0.0667,0,-0.0041,0,0,0.165,0.0401,0.0946,-0.0534,0.0015,-0.1429,0.0773,0.06,0.0272,0,0.061,0.0949,0.0549,0.0326,0.0031,0.0752,0.0388,0.0183,0.0093,下降
2000/7/1,-0.002,-0.0001,-0.0472,-0.0256,-0.0022,-0.0146,0,0,0.0112,-0.0001,0.0038,-0.005,-0.0051,-0.025,0.0453,0.0248,0.0076,0.0394,0.0076,0.0245,0,-0.0006,0,0,-0.0407,-0.0185,-0.0575,-0.0073,0.005,-0.1667,0.0384,0.05,-0.188,0,-0.0034,0.0253,0.0047,0.0004,0.0023,-0.05,-0.0647,0.0396,-0.0617,持平
2000/8/1,0,-0.0239,0.0209,0.0041,0.0049,-0.0017,0,0,0,0,0,0,0,0,0,0,0.033,-0.0269,0.0085,0.0479,0,-0.0371,0,0,-0.0597,-0.0223,0.0478,-0.0364,0.0044,-0.0121,-0.0678,0.53,-0.0871,0,-0.0141,-0.0211,-0.0249,0.03,0.0033,0.0956,0.1539,0.0588,-0.0329,下降
2000/9/1,0.0073,0.0151,-0.0368,-0.0321,0.0007,-0.0102,0,0,0,0,0,0,0,0,0,0,-0.0042,-0.0086,-0.0117,-0.0607,0,-0.0099,0,0,-0.061,-0.0037,0.0876,-0.0057,0.0031,0.0736,0.057,0.13,-0.0648,0,0.0163,0.018,0.0069,0.0019,0.0031,-0.0542,-0.0948,0.0327,-0.11,下降
2000/10/1,-0.0002,-0.0195,-0.0088,-0.0082,0.005,-0.0087,0,0,-0.0105,-0.0141,0.0005,-0.0229,-0.0378,-0.0934,-0.0535,-0.0646,-0.048,-0.1398,-0.0531,0,0,-0.053,0,0,-0.2496,-0.0131,-0.0276,-0.0088,0.02,-0.1371,0.0451,-0.38,-0.2537,0,0.0021,-0.0188,0.0242,-0.0019,-0.0018,0.0185,0.0325,-0.019,-0.1743,下降
2000/11/1,0.0014,-0.0205,-0.0003,0.0063,0.0098,0.0006,0,0.0026,0,0,0,0,0,0,0,0,0.0216,-0.0835,-0.0109,0.0587,0,-0.036,0,0,-0.106,-0.0146,0.0404,-0.0059,0.02,0.1722,-0.0359,-0.02,0.0022,0,0.0116,0.0504,-0.0084,-0.0228,0.0024,0.0573,0.0256,0.029,-0.0535,下降
2000/12/1,0.0006,0.1372,0.0919,0.0483,0.0216,0.0333,-0.0263,0.0026,0,0,0,0,0,0,0,0,-0.0013,-0.1301,-0.0321,0.0054,0,-0.0238,0,0,-0.1124,0.0212,-0.1712,-0.0832,0.0207,-0.5096,-0.0199,-0.21,0.0423,0,-0.0295,-0.1166,-0.0356,-0.0096,0.0028,-0.0439,-0.0784,0.0125,-0.082,上升
2001/1/1,-0.0037,0.8161,-0.0098,0.0254,0.012,0.3038,0,0,-0.004,-0.0239,0.0002,0.0365,-0.1088,-0.129,-0.0459,-0.0682,0.0028,-0.0004,0.0035,0.0112,0,-0.0478,0,0,0.1539,-0.0226,0.0303,-0.0169,-0.0137,0.8318,-0.0493,-0.3,0.5773,0,-0.0022,-0.0052,-0.0219,0.0012,0.0008,-0.02,-0.1246,0.0124,0.0726,上升
2001/2/1,-0.003,-0.4876,-0.0539,-0.0271,0.0011,-0.177,-0.0541,-0.0078,0,0,0,0,0,0,0,0,0.0086,-0.078,-0.0224,-0.0639,0,-0.0331,0,0,-0.0618,-0.0134,0.0132,-0.0095,-0.0105,0.3082,-0.163,-0.67,-0.4454,0,-0.1504,-0.0988,-0.132,-0.058,-0.0061,-0.1888,-0.0873,0.0245,0.0801,持平
2001/3/1,-0.0001,-0.0206,-0.0139,-0.0029,0.0008,-0.0404,-0.0571,-0.0017,0,0,0,0,0,0,0,0,-0.0643,-0.189,-0.0918,0.0416,0,-0.042,0,0,-0.0663,0.0019,-0.0801,-0.042,0.0089,-0.024,0.044,-0.58,-0.1992,0,0.0466,-0.0087,0.0492,-0.04,-0.0092,0.0153,-0.0055,0.1134,-0.0294,持平
2001/4/1,-0.0034,-0.0218,-0.027,-0.0296,-0.0077,-0.0267,-0.0303,-0.0033,-0.0206,-0.019,0.006,-0.0092,-0.0833,-0.037,-0.0431,-0.0416,0.0152,-0.0265,0.0034,0.0482,0,0.0553,0,0,-0.027,-0.0046,0.0128,0.0504,0.01,-0.3596,0.1745,-0.58,0.3107,0,0.1097,0.1237,0.1281,0.0469,-0.0018,0.1569,0.0362,0.0429,-0.0372,下降
2001/5/1,-0.0007,0.0076,-0.0235,-0.0219,-0.0003,-0.0233,-0.0625,-0.0013,0,0,0,0,0,0,0,0,0.0753,0.1278,0.0677,0.0237,0,0.042,0,0,0.1074,0.0421,0.0385,0.048,0.0082,-0.2231,-0.0656,-0.6,0.0351,0,-0.0893,-0.0285,-0.0926,-0.0347,-0.0039,-0.0581,0.0853,0.018,-0.0608,持平
2001/6/1,-0.0016,0.0413,0.0671,0.0514,0.0174,0.0217,-0.0667,0,0,0,0,0,0,0,0,0,-0.0216,-0.0317,-0.0249,0.013,0,-0.0716,0,0,-0.0306,-0.0039,-0.0383,-0.0213,0.0337,-0.1535,0.0069,-0.46,0.0847,0,0.041,0.0773,0.0173,-0.0091,-0.0009,-0.0668,-0.1911,0.0657,-0.0209,下降
2001/7/1,0.0032,-0.0133,-0.0026,-0.0169,-0.0015,-0.0214,0,-0.0011,-0.0136,-0.0215,0.0032,-0.0058,-0.0956,-0.1378,-0.0559,-0.0765,-0.03,-0.037,-0.0277,-0.0341,0,-0.0635,0,0,-0.0603,-0.0128,-0.0405,-0.0102,0.0137,-0.055,-0.0221,-0.64,-0.2539,0,-0.0559,0.0718,-0.0548,0.0073,0.0023,0.0535,0.003,0.0687,-0.1182,持平
2001/8/1,0.0003,0.0222,-0.0336,-0.0004,0.0035,-0.006,-0.0714,-0.0013,0,0,0,0,0,0,0,0,-0.0124,-0.0513,-0.0215,-0.1073,0,-0.0473,0,0,0.0103,0.0201,0.0318,-0.0457,-0.0048,0.3119,-0.0234,-0.1,-0.1283,0,-0.0062,0.0231,-0.0059,0.0133,0.0001,-0.0368,0.0346,0.0909,0.0097,下降
2001/9/1,0.0031,-0.034,0.016,0.0159,0.0007,0.0349,-0.1538,-0.0055,0,0,0,0,0,0,0,0,-0.1233,-0.1847,-0.1136,-0.0475,0,-0.1364,0,0,-0.2518,0.0413,-0.0507,-0.0455,-0.0007,-0.466,0.0593,-0.49,0.0251,0,0.0608,-0.044,0.0646,0.0234,0.0013,-0.0253,-0.0992,0.0508,-0.1215,下降
2001/10/1,0.0046,0.009,-0.029,-0.0014,-0.0023,-0.0346,-0.0909,-0.0027,0.0336,0.0029,0.0149,0.0365,-0.0575,-0.1728,0.0953,0.0323,0.0197,0.0528,0.0306,-0.0835,0,0.0442,0,0,-0.0193,-0.0028,-0.1432,-0.0415,-0.0008,0.6166,-0.08,-0.67,-0.2566,0,-0.0806,-0.0555,-0.0821,-0.0616,-0.0039,-0.0669,-0.0028,0.0174,-0.0423,上升
2001/11/1,-0.0032,-0.035,0.0001,0.0286,0.0018,0.0037,-0.1,-0.0173,0,0,0,0,0,0,0,0,0.0543,0.129,0.0493,0.0051,0,0.0069,0,0,0.1947,-0.0256,-0.1146,0.0149,-0.0025,0.8907,0.1509,-0.51,0.4562,0,0.1008,0.0562,0.0986,0.0525,0.001,0.2976,0.3449,0.0133,0.1417,上升
2001/12/1,-0.0099,0.1083,0.1321,0.0992,0.017,0.0214,-0.0556,-0.0022,0,0,0,0,0,0,0,0,0.0265,0.0576,0.0135,0.0062,0,-0.0014,0,0,0.0554,-0.0004,-0.0134,0.0956,0.0059,0.6127,-0.0037,-0.17,-0.047,0,-0.0333,-0.0876,-0.0055,0.0138,0.0032,-0.1149,-0.217,-0.0094,0.2191,上升
2002/1/1,0.0081,0.304,-0.031,0.0194,0.0043,0.0417,0,-0.007,0.0209,0.0169,0.0078,-0.0261,0.0817,-0.0399,0.0298,0.0167,-0.0056,-0.0005,-0.0041,-0.1265,0,-0.0186,0,0,0.0136,0.0209,0.0168,-0.011,0.0094,0.0932,-0.0204,-0.08,0.2221,0,-0.011,-0.0208,-0.039,0.0315,0.0024,0.0134,0.0763,-0.0114,0.0899,持平
2002/2/1,0.0007,0.0356,0.0219,0.0187,0.0084,0.1158,0,0,0,0,0,0,0,0,0,0,-0.0033,-0.0896,-0.0347,0.029,0,-0.031,0,0,-0.0266,0.0514,0.052,-0.0177,0.0013,-0.677,-0.0035,-0.22,-0.042,0,0.0325,0.0053,0.0581,-0.0367,0.0036,-0.0437,-0.0448,-0.0153,0.0019,上升
2002/3/1,-0.0037,-0.3143,-0.0227,0.0049,0.0011,-0.0845,0,0,0,0,0,0,0,0,0,0,0.0617,0.0352,0.0483,0.0748,0,0.147,0,0,0.1087,-0.0076,0.1776,0.0752,-0.0015,1.6091,-0.1042,-0.11,-0.3457,0,-0.1767,-0.1805,-0.1902,-0.0753,-0.0026,-0.1722,-0.181,-0.0039,0.0539,持平
2002/4/1,0.0006,0.0095,-0.005,-0.0047,-0.005,-0.0341,0,0,0.0239,0.0245,0.0096,0.0323,0.0605,0.1165,0.064,0.0733,-0.032,-0.056,-0.0362,0.0053,0,-0.0056,0,0,-0.051,0.0324,0.0743,-0.0147,-0.0029,-0.1089,0.24,0.17,0.366,0,0.2957,0.2621,0.3188,0.1191,0.0002,0.4358,0.5815,0.0078,0.0332,下降
2002/5/1,-0.0034,0.0028,0.0011,-0.0128,-0.0058,-0.0148,0,0,0,0,0,0,0,0,0,0,-0.0083,-0.056,-0.0295,-0.0364,0,0.0286,0,0,-0.1042,0.0367,0.0265,-0.0105,-0.0135,-0.3406,0.0144,0.18,0.1745,0,0.0016,0.0293,-0.0114,-0.017,0.0023,-0.0545,-0.0707,-0.0349,-0.0879,下降
2002/6/1,-0.0004,0.0095,0.0633,0.0274,0.012,-0.0165,-0.1176,0,0,0,0,0,0,0,0,0,-0.0583,-0.0932,-0.0604,-0.0091,0,-0.0635,0,0,-0.1682,0.0207,-0.0522,-0.0477,-0.0163,-0.1854,0.0164,0.16,0.1928,0,0.0444,0.1374,0.0212,0.0076,0.0016,0.0013,-0.0787,0.008,-0.049,下降
2002/7/1,0.0026,-0.009,-0.0417,-0.0253,-0.0083,-0.0266,0,-0.0137,-0.003,0.0258,0.0103,-0.0291,0.1112,0.3386,0.0036,0.0656,-0.0923,-0.1059,-0.1089,0.0851,0,-0.056,0,0,-0.1482,-0.0244,0.0546,-0.0585,-0.0178,0.2114,-0.0621,0.46,-0.2552,0,-0.0591,-0.0675,-0.0576,0.0037,0.0011,0.0071,0.0534,0.0179,-0.0521,下降
2002/8/1,0.0009,0.0165,0.0232,0.0157,0.0032,0.0014,0,0,0,0,0,0,0,0,0,0,0.008,-0.0139,0.0099,-0.0207,0,-0.0581,0,0,-0.1046,-0.01,0.0468,-0.0798,0.0179,-0.1477,0.0146,0.84,0.5199,0,0.0405,0.0723,0.032,0.0197,0.0018,-0.0266,0.0708,0.0235,-0.0591,下降
2002/9/1,-0.0023,0.0045,-0.0124,-0.0148,-0.0045,-0.0006,0,0,0,0,0,0,0,0,0,0,-0.0604,-0.0575,-0.049,-0.0247,0,-0.0407,0,0,-0.1681,0.0305,0.0521,-0.0905,0.02,-0.2622,0.0355,0.28,-0.3141,0,0.0029,0.0109,0.0006,-0.0085,0.0005,-0.0171,-0.1902,0.0229,-0.0785,下降
2002/10/1,0,-0.053,-0.0066,0.0037,0.0008,-0.0027,0,0,0.0189,-0.0142,0.0005,0.054,-0.0972,-0.273,0.0168,-0.0505,-0.0138,-0.0073,-0.0152,-0.0571,0,-0.06,0,0,-0.0328,-0.0104,-0.0272,0.0148,0.0115,0.6435,-0.0142,-0.09,0.1006,0,-0.031,-0.0527,-0.0197,0.023,-0.0041,0.0555,0.1724,-0.0056,-0.0426,上升
2002/11/1,0.0014,-0.0077,0.0186,0.0148,0.0073,0.0242,-0.1333,-0.0173,0,0,0,0,0,0,0,0,0.0718,0.1347,0.0647,-0.0408,0,-0.0105,0,0,0.2721,0.0092,-0.0926,0.0297,-0.0083,0.1039,0.0529,0.11,0.4539,0,0.0495,0.0159,0.0631,0.0246,0.0006,0.0368,0.0593,-0.0019,0.0946,持平
2002/12/1,-0.0024,0.1182,0.0847,0.0442,0.0118,0.0123,0,0,0,0,0,0,0,0,0,0,-0.0115,-0.0156,-0.0118,-0.0434,0,-0.0008,0,0,-0.0404,0.0493,0.1223,-0.003,0.0039,-0.1294,-0.0015,0.28,-0.2591,0,-0.0245,-0.047,-0.023,-0.006,0.0027,0.0278,-0.1045,-0.0169,-0.0118,上升
2003/1/1,0.0061,0.7555,0.0331,0.0436,0.0169,0.5009,0,-0.4254,0.008,0.0087,-0.0064,-0.0233,0.0752,0.0424,0.0178,0.0222,-0.0061,0.0017,-0.0037,0.0193,0,-0.0141,0,0,-0.0274,0.0695,0.1125,0.0015,-0.0067,0.3243,-0.0268,0.32,0.1434,0,0.0059,-0.0387,0.0042,0.022,0.003,-0.0083,0.1255,-0.0345,0.0582,下降
2003/2/1,0.0007,-0.4606,-0.0711,-0.0323,-0.006,-0.2473,0,-0.0159,0,0,0,0,0,0,0,0,-0.0659,-0.0549,-0.065,0.0514,0,-0.0038,0,0,-0.0933,0.001,0.0928,-0.0337,0.0053,-0.5724,0.0083,0,-0.0211,0,0.0182,-0.0415,0.0259,-0.0194,0.0032,-0.1414,-0.1329,-0.002,-0.0622,持平
2003/3/1,-0.0037,-0.0368,-0.0106,-0.005,-0.0038,-0.04,0,-0.0244,0,0,0,0,0,0,0,0,0.0078,0.0268,0.0107,-0.0125,0,-0.0432,0,0,0.0971,-0.0515,-0.0721,-0.0239,-0.0011,0.0442,-0.1475,-0.14,-0.5255,0,-0.1635,-0.1045,-0.1841,-0.1155,-0.0023,-0.0297,-0.0907,0.0278,-0.0299,持平
2003/4/1,0.0006,0.0094,-0.0003,0.0045,-0.0009,-0.0157,0,-0.0646,-0.0309,-0.0242,-0.0142,-0.0515,-0.029,0.0768,-0.0153,0.0014,0.0444,0.0455,0.0513,0.0452,0,-0.0319,0,0,0.0482,-0.0317,-0.1514,0.0375,0.0029,0.2457,0.1973,0.19,1.1364,0,0.2138,0.2077,0.2105,0.1147,0.0018,0.2964,0.2514,-0.0174,0.0002,持平
2003/5/1,-0.0034,0.0141,0.0093,0.0121,0.0024,0.0089,0,0,0,0,0,0,0,0,0,0,0.035,0.0811,0.0516,-0.0014,0,0.0282,0,0,0.0958,0.0809,-0.0023,-0.0967,-0.0036,-0.222,0.0146,0.02,-0.0632,0,-0.0107,0.0059,-0.0125,-0.0326,0.0027,-0.0842,-0.0792,-0.0315,-0.0294,上升
2003/6/1,-0.0004,-0.0132,0.0584,0.033,0.0058,0.0042,-0.1538,-0.018,0,0,0,0,0,0,0,0,0.055,0.0706,0.0556,-0.0051,0,0.0939,0,0,0.0622,0.0016,0.0872,-0.0658,-0.0016,1.1934,0.0196,-0.08,0.0929,0,0.0124,0.0258,-0.0061,-0.0493,-0.0012,-0.0282,-0.1485,0.0122,0.1276,上升
2003/7/1,0.0026,0.0141,-0.0242,0.007,0.0066,-0.0039,0,-0.0133,0.0542,0.0267,0.0797,0.0582,-0.1308,-0.1749,0.0863,0.0353,0.0062,0.0522,0.0046,-0.024,0,0.0877,0,0,0.0409,-0.0151,0.006,0.1891,-0.0068,0.4839,0.0115,0.18,0.0674,0,-0.0217,0.0285,0.0019,0.0387,0.0017,0.0306,0.172,0.0221,0.0856,持平
2003/8/1,0.0009,0.0211,0.0301,0.0265,0.0081,0.0143,0,-0.007,0,0,0,0,0,0,0,0,0.0142,0.0046,-0.003,-0.0315,0,0.0215,0,0,0.0567,0.0269,0.0291,0.1218,-0.0019,-0.3152,0.0466,0.69,0.3221,0,0.0661,0.0633,0.0566,0.058,0.0053,-0.0018,0.0369,0.0138,0.0303,上升
2003/9/1,-0.0023,0.0246,0.0283,0.0151,0.0015,-0.0121,0,-0.0079,0,0,0,0,0,0,0,0,0.0224,0.0762,0.0302,-0.0338,0,0.0774,0,0,0.0946,0.0521,-0.104,-0.0389,-0.0095,-0.1534,-0.0084,0.34,-0.2004,0,-0.0036,0.0063,-0.0078,0.0025,0.0027,0.0604,-0.008,0.0097,0.0428,上升
2003/10/1,0,-0.0585,0.0166,0.0117,0.0045,0.0188,0,-0.0177,0.0434,0.0513,-0.0056,-0.0169,0.2907,0.2077,0.0697,0.0912,0.02,0.0278,0.0189,-0.0228,0,0.0063,0,0,0.0403,-0.0011,0.0718,0.001,-0.0036,0.3438,0.0671,0.31,0.0441,0,-0.0088,0.0239,0.0101,0.0256,-0.0028,0.0139,0.0445,-0.0307,0.0458,持平
2003/11/1,0.0014,-0.004,0.0248,0.0117,0.005,0.0162,0,0,0,0,0,0,0,0,0,0,0.0082,0.0164,0.0107,-0.0098,0,-0.0478,0,0,0.1034,0.0287,0.0234,0.0069,0.0049,-0.2837,0.0539,0.58,0.1342,0,0.0725,-0.0567,0.0842,0.035,0.0037,0.0252,0.0484,-0.0257,0.002,持平
2003/12/1,-0.0024,0.1385,0.1059,0.0529,0.0156,0.0321,0,-0.0017,0,0,0,0,0,0,0,0,0.0371,0.0091,0.0293,0.0813,0,0.0089,0,0,-0.0314,0.0487,0.035,-0.0083,0.0004,-0.1429,-0.0621,0.42,-0.0141,0,-0.0306,-0.0516,-0.0416,-0.0114,0.005,0.0632,0.1084,-0.0427,-0.0166,上升
2004/1/1,0.0061,0.7483,-0.0198,0.032,0.0191,0.2641,0,0,-0.0002,0.005,0.0076,0.0297,-0.0187,0.0896,0.0465,0.0539,0.041,0.0721,0.048,0.0806,0,0.058,0,0,0.0692,0.0145,0.0648,-0.0302,-0.0109,0.2197,0.0312,0.46,0.3093,0,0.0739,0.0351,0.0624,0.0467,0.0041,0.0185,0.0114,-0.0276,0.0654,上升
2004/2/1,0.0007,-0.4787,-0.0146,0.0028,0.0049,-0.1362,0,0,0,0,0,0,0,0,0,0,0.0058,-0.0237,0.0096,0.0574,0,-0.0239,0,0,-0.045,-0.0261,0.008,-0.015,-0.0141,0.8137,-0.1244,-0.21,-0.0573,0,-0.1435,-0.1302,-0.1293,-0.0394,0.0029,-0.1598,-0.1766,-0.0109,0.0446,持平
2004/3/1,-0.0037,-0.0159,0.0396,0.0163,0.0067,-0.0274,0,-0.0012,0,0,0,0,0,0,0,0,-0.0262,-0.0336,-0.0169,0.0162,0,0.0761,0,0,-0.0506,0.0088,0.0643,-0.0625,0.0016,0.1644,0.0676,0.28,-0.22,0,0.0658,-0.0138,0.05,-0.0434,-0.0004,0.0997,0.1547,0.0177,0.0221,持平
2004/4/1,0.0006,-0.0054,-0.0163,-0.0011,0.0023,-0.0113,0,-0.0035,0.004,0.0043,0.0083,-0.0389,0.0244,0.0385,0.0217,0.0247,0.0092,0.0211,0.0081,-0.011,0,0.0454,0,0,0.0084,-0.0086,-0.0028,0.1344,-0.0092,-0.1441,0.1395,0.39,0.4687,0,0.1045,0.2105,0.1002,0.0564,0.0037,0.1173,0.1266,-0.0347,0.0012,下降
2004/5/1,-0.0034,0.0027,-0.0122,-0.0161,-0.0052,-0.0092,0,0,0,0,0,0,0,0,0,0,-0.0321,-0.0451,-0.0267,-0.0786,0,-0.0772,0,0,-0.0571,-0.0514,0.1,0.0867,0.0144,-0.4124,0.0343,0.39,-0.0717,0,-0.0308,-0.0348,-0.0135,-0.0038,0.0022,-0.0536,-0.1336,-0.0202,-0.1131,持平
2004/6/1,-0.0004,0.0286,0.0625,0.0204,0.0073,0.0041,0,-0.0018,0,0,0,0,0,0,0,0,0.0279,0.0367,0.0272,-0.0584,0,0.0444,0,0,0.0257,0.0236,-0.0554,0.0043,0.0043,-0.2222,-0.0405,0.46,0.0397,0,0.0184,0.0087,-0.0058,0.0053,0.0041,0.1246,0.0593,0.0115,-0.026,持平
2004/7/1,0.0026,-0.0025,-0.0087,0.0086,0.0039,0.0058,0,-0.0003,0.0124,0.0155,0.0098,0.0265,0.0221,0.0139,-0.0044,-0.0011,-0.0205,-0.0443,-0.0238,-0.0298,0,-0.0121,0,0,-0.0989,0.0156,0.0725,-0.0516,0.0075,-0.2105,0.0295,0.68,-0.0175,0,-0.017,0.1136,-0.0084,0.0112,0.0033,-0.067,0.0224,0.0295,-0.0354,持平
2004/8/1,0.0009,0.0307,0.0143,0.0103,0.0016,0.0002,0,0,0,0,0,0,0,0,0,0,-0.0117,-0.0475,-0.0153,-0.0436,0,-0.0351,0,0,-0.095,0.0089,0.0999,-0.0468,0.0063,0.0571,0.0396,1.05,0.3009,0,0.0009,-0.0292,0.0043,0.0074,0.0047,0.0136,-0.0109,0.0176,-0.0101,上升
2004/9/1,-0.0023,-0.0231,-0.0017,0.0071,0.0007,0.0095,0,0.0041,0,0,0,0,0,0,0,0,0.0171,0.0347,0.0264,0.0065,0,0.0082,0,0,-0.0112,0.0108,0.0235,-0.0364,-0.0039,0.4234,-0.0327,0.21,-0.2623,0,-0.0101,0.025,-0.0096,-0.0031,0.0013,0.017,0.0529,0.0108,0.0669,持平
2004/10/1,0,-0.0347,-0.0124,-0.0042,0.0044,0.0105,0.1818,0.017,0.0171,0.04,0.01,-0.0137,0.1458,0.2156,0.0016,0.0408,-0.0199,0.0284,0.0004,-0.0159,0,-0.006,0,0,0.0437,0.0364,0.1558,-0.008,-0.0023,-0.0633,0.0736,-0.15,0.0535,0,0.0006,0.0107,-0.0014,0.0292,-0.0048,0.0087,0.0069,-0.0364,0.0032,持平
2004/11/1,0.0014,-0.0071,0.007,-0.0003,0.005,0.0046,0,0,0,0,0,0,0,0,0,0,0.041,0.0643,0.0455,-0.0027,0,-0.0036,0,0,0.0669,0.0419,-0.087,0.0264,-0.0302,-0.0405,0.0302,0.28,0.0134,0,0.0213,-0.0744,0.0199,0.0268,0.0057,0.0289,0.0811,-0.0422,0,持平
2004/12/1,-0.0024,0.1104,0.0633,0.0435,0.0192,0.0226,0.0769,0.0109,0,0,0,0,0,0,0,0,0.0251,0.042,0.0259,-0.03,0,0.008,0,0,0.0155,0.0093,-0.1077,0.0079,-0.0169,-0.0986,-0.0345,0.23,0.0553,0,-0.0067,-0.0167,-0.0207,-0.0042,0.0042,-0.0112,-0.0233,-0.0394,0.0139,持平
2005/1/1,0.0061,0.5232,-0.0078,-0.0024,0.0063,0.0884,0,0.0156,0.0045,-0.0187,0.0106,0.0089,-0.0952,-0.1567,0.0144,-0.0222,-0.0125,-0.0361,-0.0148,-0.0513,0,0.0302,0,0,-0.0684,-0.0419,0.0831,-0.0031,-0.0107,-0.2219,0.0056,0.18,0.2176,0,0.0098,0.034,0.0053,0.0138,0.0025,-0.0685,-0.0949,-0.0121,-0.0082,持平
2005/2/1,0.0007,-0.145,-0.0185,0.0065,0.0065,0.0723,0,0.0036,0,0,0,0,0,0,0,0,0.0175,-0.003,0.0154,0.0326,0,0.0132,0,0,0.0612,-0.0004,0.0256,-0.0123,-0.0111,-0.0582,-0.0662,0.26,-0.2247,0,-0.0083,-0.1253,0.0404,0.0071,0.0027,0.0256,0.0289,-0.0073,0.0309,持平
2005/3/1,-0.0037,-0.2969,0.0067,-0.0035,0.0021,-0.073,0.0714,0.0084,0,0,0,0,0,0,0,0,-0.0039,-0.0171,-0.0039,-0.0203,0,0.0229,0,0,-0.0013,0.0248,0.1369,0.0801,-0.0129,0.6205,-0.1271,-0.37,-0.3287,0,-0.1843,-0.1444,-0.2111,-0.149,-0.0022,-0.2509,-0.2694,0.0542,0.0005,持平
2005/4/1,0.0006,-0.0077,-0.0183,-0.0135,0.0018,-0.009,0,0.0119,0.017,0.0072,0.0077,0.0266,-0.0056,-0.0465,0.0372,0.0217,-0.0373,-0.0359,-0.0255,-0.041,0,-0.035,0,0,-0.0625,-0.0111,-0.0258,-0.0357,0.0121,-0.2895,0.2836,0.09,0.6514,0,0.2765,0.3621,0.3051,0.1786,0.0006,0.3239,0.3837,-0.0304,-0.0374,持平
2005/5/1,-0.0034,0.0048,-0.0217,-0.0097,-0.0034,-0.0159,0,0,0,0,0,0,0,0,0,0,0.0091,0.0244,0.0119,-0.0903,0,-0.0275,0,0,0.0292,-0.0173,-0.0629,-0.0444,-0.0062,0.1019,0.0041,0.18,-0.2057,0,-0.0322,-0.0655,-0.0432,-0.0318,0.0019,0.0093,-0.0964,-0.0265,0.0092,上升
2005/6/1,-0.0004,0.0263,0.074,0.0373,0.017,0.0027,0,0.0038,0,0,0,0,0,0,0,0,0.0106,0.0343,0.0203,-0.0059,0,0.0289,0,0,0.0475,0.0222,0.1313,-0.0345,0.0023,0.4286,-0.0545,0.16,0.1971,0,0.0077,0.1099,-0.001,-0.012,0.0014,0.0352,0.0813,0.0149,0.0491,持平
2005/7/1,0.0026,-0.0076,0.0009,0.0058,0.0024,0.0042,0.0667,0.0117,0.0075,0.0031,0.003,-0.0244,0.0203,-0.0416,0.0036,-0.0042,0.0056,0.0343,0.0166,-0.0394,0,0.0275,0,0,0.0668,-0.0179,0.0462,0.0444,0.016,0.0118,0.0604,0.29,0.0401,0,-0.0009,0.0165,0.019,0.0227,0.001,-0.0895,-0.0789,0.0293,0.0183,持平
2005/8/1,0.0009,0.0312,-0.0098,-0.0044,-0.0015,-0.0103,0,0.0054,0,0,0,0,0,0,0,0,0.0008,0.0059,0.0017,0.1047,0,0.0417,0,0,0.0227,0.0327,0.1011,0.0197,0.0067,-0.0814,-0.0205,0.9,-0.0478,0,-0.0193,-0.042,-0.0275,0.001,0.0028,0.0539,0.0683,0.0237,-0.0144,持平
2005/9/1,-0.0023,-0.0162,0.0021,0.0001,0.0034,0.0037,0.0625,0.0075,0,0,0,0,0,0,0,0,-0.0021,-0.0061,0.0013,0.0277,0,0.0634,0,0,0.0023,0.0445,0.0086,-0.0145,0.026,-0.2278,0.1007,0.33,-0.081,0,0.0488,0.1137,0.0621,0.0126,0.004,0.0293,-0.0283,0.0093,-0.0283,持平
2005/10/1,0,-0.0429,-0.023,-0.0127,-0.0008,0.0075,0,0.0128,0.048,-0.0109,0.0036,-0.0194,-0.0378,-0.475,0.1022,0.0065,-0.0198,-0.0268,-0.0277,-0.0456,0,0.0319,0,0,-0.0506,0.0277,-0.0501,0.0632,0.017,0.0492,0.0749,0.01,0.122,0,-0.0067,-0.0466,0.0128,0.0284,-0.002,0.0459,0.0423,-0.0505,-0.0308,持平
2005/11/1,0.0014,0.0001,0.0119,0.0155,0.0099,0.0049,0,0,0,0,0,0,0,0,0,0,0.0359,0.0555,0.0381,-0.0245,0,0.0728,0,0,0.0417,0.0118,-0.063,0.0169,0.0031,0.2344,0.0435,0.29,-0.1908,0,0.0222,-0.0638,0.0031,0.0099,0.0052,0.1308,0.0914,-0.0169,0.0247,上升
2005/12/1,-0.0024,0.1075,0.0816,0.0494,0.0209,0.0205,0.0588,0.0092,0,0,0,0,0,0,0,0,0.0124,0.0196,0.02,0.0218,0,0.0893,0,0,0.0617,0.0715,0.0189,-0.015,-0.0085,0.3418,0.0084,0.27,0.3063,0,-0.0046,0.0461,0.0076,0.018,0.004,-0.0297,0.0052,-0.0319,0.0584,持平
2006/1/1,0.0061,0.9225,0.0066,0.012,0.0146,0.4046,0,0.0055,-0.0093,0.0177,0.0047,-0.0023,0.0608,0.5186,-0.0027,0.0424,0.0041,0.0195,0.0132,0.0885,0,0.0278,0,0,0.0621,0.0783,0.1024,-0.0122,-0.0362,-0.0566,0.0023,0.2,-0.0813,0,0.0163,-0.0796,0.0098,0.0143,0.0017,-0.0095,-0.1222,-0.0203,0.0364,持平
2006/2/1,0.0007,-0.5131,-0.0117,-0.0206,-0.0031,-0.226,0,0.0052,0,0,0,0,0,0,0,0,0.0091,-0.0071,-0.0016,0.0474,0,0.0063,0,0,0.0216,0.0105,-0.0551,0.0356,0.0069,-0.3,-0.1087,0.14,0.0775,0,-0.0461,-0.0854,-0.0412,-0.0223,0.0011,-0.0906,-0.0628,-0.0155,0.0008,持平
2006/3/1,-0.0037,-0.0226,-0.0448,-0.0165,-0.0011,-0.0387,0.0556,0.0026,0,0,0,0,0,0,0,0,0.0158,0.0117,0.0134,-0.0011,0,0.0077,0,0,-0.0487,0.0052,0.0168,0.0339,0.0052,0.3357,-0.0829,-0.14,-0.4549,0.1592,-0.0896,-0.0296,-0.1182,-0.0901,-0.0031,-0.0924,0.129,0.0316,-0.0171,上升
2006/4/1,0.0006,0.009,-0.0055,0.0122,0.0085,-0.0052,0,0.0131,0.0069,-0.0052,0.0022,0.0185,-0.0355,-0.1329,0.0164,-0.0024,0.0081,0.0167,0.0065,0.0725,0,0.0565,0,0,0.0098,0.0967,0.1143,0.0554,-0.0052,0.1337,0.2266,0.2,0.7304,0.2192,0.1915,0.2347,0.2147,0.1123,0.0024,0.1718,0.0413,-0.0128,0.0677,持平
2006/5/1,-0.0034,0.0235,0.0088,-0.0052,-0.0013,-0.0053,0,0,0,0,0,0,0,0,0,0,0.0088,-0.0399,-0.0093,0.168,0,-0.0528,0,0,-0.045,0.1006,0.0114,0.0245,-0.0166,0.2028,-0.0206,0.13,-0.1808,-0.0899,-0.045,-0.0846,-0.0454,-0.0204,0.002,0.0542,-0.0266,-0.0233,0.0262,下降
2006/6/1,-0.0004,-0.0195,0.0218,-0.0017,0.0032,-0.0101,0.0526,0.0043,0,0,0,0,0,0,0,0,-0.0296,-0.048,-0.0286,0.003,0,-0.0816,0,0,-0.0864,-0.116,0.0001,-0.0004,0.0219,-0.2941,-0.0232,0.24,0.0915,0.1218,0.0303,0.0903,0.0237,-0.0005,0.0016,-0.0181,0.0172,0.0159,-0.0807,持平
2006/7/1,0.0026,0.0055,-0.0195,-0.0104,-0.0031,-0.0064,0,0.0121,0.0173,0.0037,0.0059,0.0035,-0.0013,-0.1714,0.0233,0.002,0.0031,-0.024,0.0056,0.0478,0,0.0105,0,0,-0.0818,0.0635,0.0492,-0.0042,0.0046,-0.25,0.0115,0.31,0.2426,0.0649,-0.0237,0.1571,-0.0115,0.0375,0.0013,-0.0285,-0.0361,0.0365,-0.0067,持平
2006/8/1,0.0009,0.0371,0.029,0.0193,0.0044,-0.0089,0,0.0035,0,0,0,0,0,0,0,0,0.0204,0.0151,0.0214,-0.0475,0,0.0422,0,0,0.0358,-0.0052,-0.0185,-0.0413,0.005,0.1704,-0.0372,0.76,0.0976,0.1854,-0.0016,-0.1975,-0.0255,-0.0019,0.0062,0.0928,0.1633,0.0176,0.0074,持平
2006/9/1,-0.0023,-0.0321,0.0093,0.0191,0.005,0.0086,0.05,0.004,0,0,0,0,0,0,0,0,0.0245,0.0492,0.0238,0.0592,0,0.0093,0,0,0.0656,-0.0524,-0.1257,-0.0321,0.0035,-0.0886,0.0795,0.38,-0.4272,-0.2228,0.0309,0.2092,0.0523,-0.0148,0.0037,-0.0049,-0.1026,0.0099,0.0351,持平
2006/10/1,0,-0.0088,-0.0106,-0.0066,-0.0001,-0.0008,0,0.0151,0.0299,0.0136,0.0096,0.0042,0.0288,-0.3015,0.0158,-0.0129,0.0372,0.0487,0.0346,0.0528,0,0.0367,0,0,0.0038,-0.0189,-0.0745,0.0016,0.0092,0.0694,0.0124,0.06,0.1416,-0.0274,-0.0258,-0.1086,-0.0445,0.0272,-0.0017,0.0408,-0.015,-0.0318,0.0364,持平
2006/11/1,0.0014,-0.0194,-0.0094,0.0027,0.0087,0.0003,0,0,0,0,0,0,0,0,0,0,0.0186,0.0337,0.0185,0.0915,0,-0.0253,0,0,0.0359,0.0713,0.0045,-0.0274,-0.0115,0.3961,0.0344,0.16,-0.1274,0.0111,0.0014,0.0228,0.0171,0.0087,0.0034,-0.007,0.0653,-0.0152,0.0339,上升
2006/12/1,-0.0024,0.0944,0.0586,0.0413,0.015,0.0222,0.0476,0.0029,0,0,0,0,0,0,0,0,0.0158,0.0096,0.02,0.1793,0,0.0428,0,0,0.0029,0.0007,0.0452,-0.0076,-0.0087,-0.0279,-0.0017,0.2,0.2461,0.1496,-0.0018,-0.0028,0.0124,0.0167,0.003,-0.0164,0.0126,-0.0103,0.05,持平
2007/1/1,0.0556,0.1519,-0.0016,-0.0007,0.006,0.0199,0,-0.0384,-0.0024,-0.0233,-0.0022,-0.0084,-0.0793,-0.5037,0.0232,-0.0106,0.0109,0.0087,0.0055,0.2221,0,0.0295,0,0,-0.0163,0.0037,-0.1194,0.044,0.007,0.1627,-0.0286,0.16,-0.0371,-0.0122,-0.01,-0.069,-0.0351,0.0127,0.0027,-0.0073,-0.1185,-0.013,0.0242,持平
2007/2/1,0.0008,0.5289,0.0381,0.0285,0.0121,0.236,0,0.003,0,0,0,0,0,0,0,0,0.0095,0.0109,0.0145,-0.0029,0,0.0263,0,0,0.01,0.0566,0.0863,-0.0082,0.0065,-0.6247,-0.0101,0.18,0.0276,-0.2055,0.0276,0.013,0.0503,-0.0021,0.0017,0.012,0.0742,-0.0052,0.0004,持平
2007/3/1,-0.0024,-0.4704,-0.0326,-0.0155,-0.0027,-0.1403,0.0455,0.002,0,0,0,0,0,0,0,0,-0.0287,-0.0316,-0.0262,0.064,0,-0.0345,0,-0.0112,0.0006,-0.0187,0.0228,-0.0342,0.0014,1.5768,-0.1528,-0.28,-0.2402,-0.2732,-0.1879,-0.1691,-0.207,-0.1266,0.0002,-0.2445,-0.2562,-0.0026,-0.0165,持平
2007/4/1,0.0016,-0.0041,0.0011,0.0027,0.0019,-0.0272,0,0.0048,0.0185,0.0391,0.011,0.0146,0.1225,1.0424,0.0204,0.0533,0.0396,0.0408,0.0403,0.1828,0,0.0199,0,-0.0163,0.0224,0.0402,0.0543,0.0271,0.0039,-0.1745,0.2717,0.21,0.1952,0.6703,0.2662,0.1893,0.2961,0.1271,-0.0002,0.3308,0.2997,0.0423,0.0394,持平
2007/5/1,-0.0016,0.0266,-0.0363,-0.0183,-0.0056,-0.0285,0,0.0015,0,0,0,0,0,0,0,0,0.0512,0.025,0.0325,0.1545,0,0.0072,0,0.0003,0.0265,-0.0181,-0.0079,0.0129,0.0038,-0.0206,-0.0299,0,-0.0819,0.0827,-0.0139,0,-0.026,-0.0195,0.0005,0.0063,0.085,-0.0279,0.0119,上升
2007/6/1,0.0026,0.0082,0.0331,0.0185,0.0025,-0.0033,0.087,0.0135,0,0,0,0,0,0,0,0,0.0054,0.013,0.0022,-0.0173,0,0.0231,0,0.0043,-0.0002,-0.0191,0.0629,0.0748,-0.0089,0.4316,-0.0068,0.18,0.3185,0.0344,0.0637,0.1622,0.0595,0.0218,0.0018,-0.0071,-0.051,0.0104,0.061,上升
2007/7/1,0.0045,0.0169,0.0078,0.0084,-0.0029,-0.038,0,0.0422,0.0244,0.0097,0.0199,0.0276,-0.0228,-0.2648,0.0486,0.029,0.0147,0.023,0.0041,0.0009,0,-0.0015,0,-0.021,0.0545,0.0168,0.098,-0.0199,-0.0051,0.7169,0.0395,0.12,-0.152,0.3288,-0.0239,-0.0586,-0.025,0.0043,-0.0001,0.0226,-0.0094,0.0233,0.0907,下降
2007/8/1,0.0084,-0.0015,-0.0024,-0.0099,-0.0006,-0.0058,0,0.0189,0,0,0,0,0,0,0,0,-0.032,-0.0435,-0.0435,0.2073,0,-0.0842,0,0.0029,-0.0549,-0.0011,-0.0242,-0.0656,0.0049,-0.3233,0.0383,1.01,0.1369,0.0128,0.0439,0.0595,0.0441,0.042,0.0057,0.0457,0.1767,0.0177,-0.0642,持平
2007/9/1,0.0029,0.0291,0.013,0.0061,-0.0022,0.0109,0.04,0.0056,0,0,0,0,0,0,0,0,0.024,0.0374,0.0292,0.1055,0,-0.0137,0,-0.0202,0.0079,0.0757,0.1004,-0.0341,0.0014,-0.2911,0.0192,0.23,-0.1396,-0.1591,0.0057,0.0311,0.0077,-0.0036,0.003,0.0055,-0.1031,0.0149,0.0356,上升
2007/10/1,0.0046,-0.0689,-0.0184,-0.0044,0.0007,-0.0083,0,-0.0065,0.0295,-0.0106,-0.0106,-0.0152,-0.0077,-1.3033,0.0391,-0.0206,0.0253,0.0554,0.0284,0.0866,0,0.0411,0,-0.0184,-0.0278,0.0568,0.0758,0.0022,-0.0137,0.4286,0.0086,-0.08,-0.2218,-0.229,-0.0406,-0.0854,-0.0258,-0.0023,-0.0047,0.0457,-0.0199,-0.0244,0.0591,下降
2007/11/1,0.0012,-0.0035,-0.0052,-0.0305,-0.0036,0.0096,0,0.0037,0,0,0,0,0,0,0,0,-0.0504,-0.0423,-0.0495,-0.0959,0,-0.0804,0,-0.0272,-0.1111,0.0656,0.1048,-0.0825,-0.007,-0.175,0.0358,0.26,0.3877,-0.079,0.0836,0.0604,0.0806,0.0403,0.0009,0.0157,-0.0117,-0.0175,-0.0838,下降
2007/12/1,0.0026,0.1102,0.0344,0.0165,0.0028,0.0172,0.0385,-0.0014,0,0,0,0,0,0,0,0,0.0156,-0.0005,0.0108,-0.0372,0,0.0001,0.1497,0.0149,-0.0281,0.0029,-0.0305,-0.0133,0.0025,-0.2235,-0.0149,0.29,0.1362,-0.1408,-0.0301,-0.0579,-0.0325,-0.0246,0.0035,-0.046,-0.0303,-0.0128,-0.0558,下降
2008/1/1,-0.0018,0.4958,0.0255,0.0107,0.0183,0.141,0,0.003,0.0042,0.001,0.0007,0.0025,0.0005,0.0457,0.0217,0.0214,-0.0648,-0.0915,-0.0679,-0.0047,0,-0.1167,-0.0096,-0.0097,-0.1319,0.1032,0.0129,-0.0917,-0.0019,0.4,-0.0235,0.27,0.1212,0.5449,-0.0018,-0.0596,-0.0126,0.0456,0.0037,0.0711,0.0874,-0.0103,-0.0465,持平
2008/2/1,0.0037,-0.0933,-0.0322,-0.0074,0.005,-0.0139,0,0.0037,0,0,0,0,0,0,0,0,-0.0095,-0.0382,-0.0173,-0.1176,0,-0.0134,0.0577,-0.0032,-0.0176,0.0379,0.026,0.0041,-0.0225,-0.4564,-0.0195,0.12,-0.1451,-0.0161,0.0131,0.0585,0.0326,0.0254,0.0015,-0.0558,0.0246,-0.0078,0.0096,上升
2008/3/1,0.0028,-0.3244,0.0077,-0.0003,0.0046,-0.0478,0.037,0.0018,0,0,0,0,0,0,0,0,-0.0182,-0.0305,-0.028,-0.1207,0,-0.0697,-0.1056,-0.0419,-0.0308,0.0409,0.1056,-0.0648,-0.033,0.9167,-0.1501,-0.34,-0.4848,-0.3265,-0.1536,-0.175,-0.1589,-0.1519,-0.0042,-0.2124,-0.2682,0.0368,0.0551,上升
2008/4/1,0.0046,-0.002,-0.012,-0.0013,0.0033,-0.0157,0,0.0097,-0.0126,-0.021,-0.0139,0.0027,-0.0508,1.0413,-0.0291,-0.0442,0.038,0.0502,0.0406,-0.1323,0,0.0599,0.0203,-0.0034,0.0798,-0.0553,0.0668,0.046,-0.0073,0.0301,0.2068,0.26,0.3072,0.5318,0.1881,0.154,0.1957,0.1192,0.0029,0.3298,0.4243,-0.0203,0.0519,持平
2008/5/1,-0.0007,0.009,-0.0098,-0.0108,-0.0036,-0.0095,0,0,0,0,0,0,0,0,0,0,0.0123,0.0486,0.0239,0.0455,0,0.0477,0.1273,0.0088,0.0904,-0.0236,0.1156,0.0612,0.0073,-0.1331,-0.0108,0.08,0.1273,-0.2659,-0.0011,0.1083,-0.011,-0.0085,0.0015,-0.0889,-0.1196,-0.013,0.0036,下降
2008/6/1,0.0141,0.0154,0.0149,-0.018,-0.0079,-0.0014,0.0357,0.0009,0,0,0,0,0,0,0,0,-0.059,-0.0225,-0.0442,-0.1565,0,0.0064,0.0839,0.005,-0.0361,0.0019,0.0682,0.0543,-0.007,-0.2959,-0.0223,0.12,0.0358,-0.3123,0.0126,-0.0148,0.0003,0.0169,0.0022,0.0534,-0.1283,0.0079,-0.0819,下降
2008/7/1,0.003,0.0367,-0.0247,-0.0107,0.004,-0.007,0,0.0018,-0.0367,-0.0215,-0.0183,-0.0044,-0.0397,-0.8865,-0.0187,0.0074,-0.0609,-0.0615,-0.0626,-0.0646,0,-0.065,-0.102,-0.0079,-0.1052,0.0562,-0.004,-0.025,0.0012,0.1011,-0.0178,0.25,0.0077,0.184,-0.0297,0.1205,-0.0242,-0.0176,0.0003,0.0264,0.1501,0.0286,-0.1286,持平
2008/8/1,-0.0034,-0.0299,0.0119,0.0057,0.0015,0.0024,0,0.0027,0,0,0,0,0,0,0,0,0.0184,0.0488,0.0192,-0.1091,0,-0.0136,-0.064,0.0469,0.0331,-0.1108,-0.1258,-0.0244,0.027,-0.1111,-0.0037,0.71,-0.2146,-0.1151,0.0179,-0.1605,0.0008,0.0151,0.0025,-0.0582,-0.0399,0.0278,-0.008,下降
2008/9/1,-0.0039,-0.0025,0.017,0.0102,0.0066,0.0019,-0.0345,0.005,0,0,0,0,0,0,0,0,-0.0361,-0.0768,-0.0503,-0.1331,0,-0.0667,-0.1664,0.0277,-0.1112,-0.0082,-0.1108,-0.054,0.0246,-0.0435,0.0531,0.07,0.1096,-0.1027,-0.0032,0.0603,-0.0264,-0.0023,0.0031,0.1162,0.0065,0.0197,-0.1226,下降
2008/10/1,0.0007,-0.043,-0.0142,-0.0117,0.0157,0.0098,-0.1429,0.0011,-0.0296,-0.0216,-0.0113,0.0295,-0.0792,3.1515,-0.1646,-0.1758,-0.1743,-0.2155,-0.204,-0.1064,0,-0.248,-0.2736,0.066,-0.2328,-0.0325,-0.2606,0.0285,0.0215,-0.3636,0.0104,-0.27,-0.1562,0.1971,-0.0595,0.1048,-0.0389,-0.0205,-0.0063,-0.1063,-0.0208,0.0314,-0.1871,下降
2008/11/1,-0.0035,-0.0354,-0.0072,-0.0108,0.0057,0.0102,-0.0833,-0.0333,0,0,0,0,0,0,0,0,-0.0613,-0.1084,-0.0885,-0.0299,0,-0.0642,-0.2218,0.0393,-0.1677,-0.0587,-0.2513,-0.0683,0.0126,-0.1071,-0.0055,-0.37,-0.0356,-0.296,-0.0541,-0.1592,-0.0171,-0.0083,0.0015,-0.0353,-0.0528,0.0234,-0.1057,持平
2008/12/1,-0.0091,0.0978,0.0466,0.0375,0.0171,0.0299,-0.2727,-0.021,0,0,0,0,0,0,0,0,-0.0022,-0.0109,-0.0062,0.0399,0,-0.008,0.1317,-0.0363,-0.0073,0.0898,-0.2681,-0.3164,0.0007,0.29,-0.2048,-0.7,0.0407,-0.0784,-0.1924,-0.1424,-0.1947,-0.1065,-0.0017,-0.1708,-0.081,0.0618,-0.0031,持平
2009/1/1,-0.0019,0.6262,0.0374,0.0404,0.0123,0.308,-0.25,-0.0702,-0.0018,-0.0619,0.0091,0.0028,-0.2767,5.3483,-0.0663,-0.1588,-0.0232,0.0074,-0.0137,-0.0072,0,-0.0156,0.0593,0.0146,0.0465,0.0473,-0.0028,0.0313,0.0077,-0.4217,-0.0591,-1.36,-0.1527,-0.2136,-0.0563,0.039,-0.0218,-0.0154,-0.0062,-0.1807,-0.1768,0.0841,-0.0047,持平
2009/2/1,-0.0003,-0.3956,-0.0241,0.0057,0.0057,-0.1678,-0.1667,-0.1913,0,0,0,0,0,0,0,0,-0.0841,-0.0333,-0.0697,0.1385,0,-0.0764,-0.0103,0.0237,-0.0174,0.0937,-0.0636,0.1482,0.0263,0.6086,-0.1395,-1.41,-0.0822,-0.0752,-0.1649,-0.2768,-0.0902,-0.0061,-0.0049,-0.0998,-0.2664,0.0557,0.0004,上升
2009/3/1,0.0002,-0.0625,0.0261,0.0366,0.0081,-0.0229,0,0,0,0,0,0,0,0,0,0,-0.0592,-0.0362,-0.0597,0.0105,0,0.0091,-0.1117,-0.0015,0.0327,-0.018,0.2242,-0.0152,0.0025,0.8083,0.1502,-0.85,-0.4014,-0.1246,0.0864,0.3591,0.1027,-0.0443,-0.0074,0.0443,0.3004,0.0829,0.1003,上升
2009/4/1,0.0028,0.0084,0.0147,0.0248,0.0039,-0.0108,0,-0.1591,0.0076,0.038,0.002,-0.0025,0.1989,-0.469,0.0856,0.1572,0.1046,0.1459,0.1202,0.1048,0,0.1292,0.3458,-0.0133,0.1452,-0.0353,0.0393,0.0325,-0.0198,0.3502,0.202,-0.32,0.3241,0.1906,0.1985,0.0295,0.1364,0.081,-0.0005,0.2624,0.1765,0.0104,0.162,上升
2009/5/1,0.0003,0.021,0.0026,0.0269,0.004,0.003,0,-0.0075,0,0,0,0,0,0,0,0,0.0508,0.0518,0.064,0.0631,0,0.0612,0.0919,-0.0402,0.032,0.0415,0.1854,0.1333,-0.024,0.0614,0.0393,-0.21,0.222,-0.2252,0.0803,0.018,0.0439,0.0173,0,-0.0751,-0.0581,-0.0086,0.1506,持平
2009/6/1,-0.0005,-0.0381,0.0454,0.0136,-0.0015,-0.0119,0,0,0,0,0,0,0,0,0,0,0.0232,0.0585,0.0263,0.0814,0,0.0544,0.0655,-0.0225,0.0508,0.0179,0.177,0.1285,-0.0022,-0.1672,-0.0026,-0.13,-0.3536,0.2976,0.0499,-0.0385,-0.0076,-0.0097,0.0014,0.0769,-0.0202,0.0104,-0.0137,上升
2009/7/1,-0.0002,0.0375,-0.0101,0.0181,0.0033,0.0054,0,-0.0091,0.0154,0.0127,0.0071,0.0134,0.028,-0.0099,0.1054,0.1122,0.0101,0.0256,0.0105,0.1341,0,-0.0121,0.0954,-0.007,0.05,-0.0115,-0.0775,-0.046,0.0034,0.0811,0.0973,0.25,0.3237,0.7807,0.0594,0.2113,0.0878,0.0656,0.0007,0.0323,0.2052,0.0206,0.0522,持平
2009/8/1,0.0065,-0.0031,0.0365,0.0141,-0.002,0.0042,0,0,0,0,0,0,0,0,0,0,0.0801,0.0658,0.079,-0.0419,0,0.0763,0.1216,-0.0147,0.0606,0.0152,0.1065,0.0118,-0.0009,-0.3179,0.0173,0.42,0.3507,-0.058,0.0538,0.0483,0.0368,0.0365,0.0011,0.0239,-0.0114,0.0219,0.0031,上升
2009/9/1,0.0013,0.0256,-0.0199,0.0096,0.0034,0.0023,0,0,0,0,0,0,0,0,0,0,0.0277,0.0439,0.0345,-0.0606,0,-0.0134,-0.0098,-0.0171,0.069,0.0516,-0.0235,-0.0519,-0.0094,0.267,-0.032,0.38,0.087,0.0636,-0.013,-0.0939,-0.0466,0.0039,0.0024,0.0962,0.0654,0.0099,0.0678,持平
2009/10/1,-0.0003,-0.0177,0.0515,0.0326,0.0069,0.0076,0,-0.0015,0.0701,0.064,0.0296,0.0153,0.1981,0.229,0.0813,0.0735,0.0231,0.0183,0.0221,0.0415,0,-0.0218,-0.0292,-0.0132,-0.0046,0.0457,0.0915,-0.0079,-0.0075,0.0661,0.0809,0.26,-0.1504,-0.0547,0.0439,0.1158,0.0278,0.0075,-0.0011,0.0051,0.0567,-0.0147,0.0366,持平
2009/11/1,-0.0036,-0.0196,0.0201,0.0101,0.0009,0.0122,0,-0.0123,0,0,0,0,0,0,0,0,0.0376,0.0097,0.0191,0.0657,0,-0.0422,0.1286,-0.01,-0.0258,0.0785,0.0306,0.0087,0.0003,-0.1705,0.0303,0.26,0.4453,0.5843,0.0143,-0.0844,0.0008,0.0219,0.0028,0.0211,0.0031,-0.0132,0.003,持平
2009/12/1,-0.0003,0.0956,0.022,0.0249,0.0113,0.0175,0,-0.0062,0,0,0,0,0,0,0,0,0.0201,0.036,0.0205,0.0043,0,0.0548,0.03,0.0219,0.1074,0.0024,-0.0453,0.0546,-0.0017,0.271,-0.0238,0.42,-0.205,0.0323,-0.0011,-0.07,0.0053,-0.018,0.0064,0.0121,0.1158,-0.0168,0.0296,持平
2010/1/1,0.006,0.2565,0.0027,0.0022,0.0033,0.0237,0,0.0004,0.0164,0.0178,-0.0053,-0.0109,0.0917,-0.1874,0.063,0.0781,0.0036,0.0212,0.0119,-0.0175,0,0.0484,-0.0166,0.0122,0.0161,-0.0108,0.0509,0.0365,-0.0117,0.011,0.011,0.4,0.4451,-0.0731,0.0597,0.0793,0.0667,0.0277,0.0013,-0.0057,-0.0606,-0.0205,0.0334,下降
2010/2/1,0.0014,0.2501,0.0079,0.0061,0.0047,0.134,0,0,0,0,0,0,0,0,0,0,-0.0245,-0.0323,-0.0306,-0.0559,0,-0.0456,-0.0819,0.0292,-0.0499,-0.0167,-0.0249,-0.0089,0.0059,-0.5782,-0.0538,0.33,-0.3419,-0.1162,-0.0365,-0.1129,-0.0378,-0.0526,0.001,0.0795,0.0205,-0.0105,-0.0824,上升
2010/3/1,0.0007,-0.3941,-0.0178,-0.0068,-0.0003,-0.0782,0,0,0,0,0,0,0,0,0,0,0.0453,0.0765,0.0577,0.0234,0,0.0488,0.1803,0.0067,0.0795,0.0147,0.0633,0.0111,-0.0075,0.8534,-0.099,-0.25,0.1036,0.0251,-0.1181,-0.0911,-0.164,-0.076,-0.0019,-0.2302,-0.1411,0.0141,0.0462,持平
2010/4/1,0.0006,-0.0121,0.0086,0.0106,0.0033,-0.0096,0,0.0016,0.0211,0.0131,0.0109,0.0051,0.0226,0.2513,0.0409,0.0313,0.0351,0.048,0.0393,-0.0011,0,0.0439,0.0622,0.007,0.0791,0.0333,0.0404,0.0272,-0.011,0.0837,0.2419,0.57,0.5696,0.7586,0.2218,0.3144,0.288,0.123,0.0008,0.3965,0.399,-0.0156,0.0356,下降
2010/5/1,-0.0031,0.0216,0.0069,-0.0102,-0.0011,-0.0037,0,0,0,0,0,0,0,0,0,0,-0.0499,-0.0632,-0.0603,-0.1282,0,-0.093,-0.1259,0.0514,-0.0763,0.0456,-0.1237,-0.1065,0.012,-0.1974,-0.0219,0.36,-0.1626,-0.1686,0.0091,-0.0849,0.0043,0.0039,0.0032,-0.0713,-0.1102,-0.0494,-0.0653,持平
2010/6/1,0.0029,0.0108,0.0251,0.0109,0.0039,0.0023,0.1,0,0,0,0,0,0,0,0,0,-0.0325,-0.0362,-0.0371,-0.0453,0,-0.0315,-0.0895,0.014,-0.0098,0.0255,0.0174,-0.0641,0.0111,-0.1711,-0.0056,0.38,0.1242,0.0056,0.0239,0.0455,-0.0105,0.0051,0.0044,0.1599,0.0769,-0.0464,-0.019,持平
2010/7/1,0.002,-0.0008,-0.0052,0.0131,0.0063,-0.0011,0,0.0093,0.0103,0.0155,0.0094,0.0054,0.0348,-0.1436,0.016,0.0248,0.0062,-0.0112,-0.0033,-0.0189,0,-0.0328,0.0618,-0.0395,-0.0001,-0.0348,0.013,-0.0657,-0.0027,0.3613,0.0262,0.31,-0.0158,-0.0877,0.0138,0.0779,0.0015,0.0255,0.0027,-0.0853,-0.019,0.0039,0.0347,持平
2010/8/1,-0.0007,-0.028,0.0256,0.0138,0.0038,-0.0033,0,0.0139,0,0,0,0,0,0,0,0,0.0125,-0.0023,0.0069,0.0573,0,-0.0208,0.0175,-0.013,-0.0609,0.0216,0.0037,-0.0989,-0.007,0.2038,-0.008,0.94,-0.1027,0.0539,0.0281,-0.0017,0.0248,0.0242,0.0058,0.0446,0.03,0.0078,0.0321,持平
2010/9/1,0.0005,0.0659,-0.0287,0.0054,0.0034,0.0073,0,0,0,0,0,0,0,0,0,0,0.0239,0.0422,0.032,0.0034,0,0.0075,0.0691,-0.0122,0.0019,0.0457,-0.0146,-0.019,-0.007,-0.0315,0.025,0.2,0.2057,0.1162,-0.0259,0.0118,-0.019,-0.0217,0.0036,0.0036,0.0958,-0.0058,0.0198,持平
2010/10/1,0.0019,-0.0704,0.012,0.0053,0.009,0.0047,0.0909,0.0076,0.0169,0.0059,0.0144,-0.0095,-0.0029,0.3725,0.0191,0.0028,0.0421,0.0622,0.0441,0.1124,0,0.0126,0.0576,-0.0437,0.0675,0.0551,0.0851,-0.047,-0.0269,-0.0894,0.0275,0.21,-0.1197,0.0548,-0.0349,0.0324,-0.0284,0.0135,-0.0042,-0.0687,-0.0251,-0.0232,0.0211,持平
2010/11/1,0.0026,-0.01,0.0197,0.0097,0.0033,0.0021,0,0.0091,0,0,0,0,0,0,0,0,0.0139,0.0367,0.0233,0.0106,0,0.0362,0.0045,0.0112,0.0853,0.0201,0.0285,0.0889,-0.0158,-0.058,-0.0225,0.27,-0.0036,-0.1327,0.0182,-0.0935,0.018,0.0271,0.0025,0.053,-0.0279,-0.0257,0.0171,上升
2010/12/1,-0.0019,0.1194,0.0331,0.0269,0.0137,0.0213,0.0833,0.0015,0,0,0,0,0,0,0,0,0.0238,0.0397,0.0356,-0.043,0,0.0467,0.056,0.0222,0.0681,0.0173,0.0583,0.1984,-0.015,0.3507,-0.0079,0.4,0.0534,0.0936,0.0389,0.0053,0.0297,-0.0333,0.0043,-0.0191,-0.0061,-0.0386,0.0511,持平
2011/1/1,0.0006,0.8679,0.0274,0.0204,0.0131,0.2705,0,0.0045,0.0204,0.0074,0.01,0.0213,-0.0063,0.3129,0.0239,0.0057,0.0294,0.0325,0.0331,-0.0279,0,0.019,-0.0244,-0.0116,0.0572,-0.0232,0.0039,0.0269,-0.0254,-0.1579,0.0151,0.25,0.3463,-0.066,0.0376,0.0416,0.0468,0.0278,0.001,-0.0236,-0.0508,-0.0127,0.0221,持平
2011/2/1,0.0081,-0.4471,-0.0206,-0.0116,-0.0007,-0.1276,0,0.0112,0,0,0,0,0,0,0,0,0.0328,0.0244,0.03,0.0381,0,0.0165,-0.0285,-0.019,0.0566,0.0089,0.0018,0.0579,0.006,-0.3208,-0.0713,0.12,-0.0683,-0.0978,-0.0325,-0.1222,-0.0122,0.0137,0.0015,0.0281,0.025,-0.0064,-0.0254,持平
2011/3/1,-0.0017,-0.1088,-0.0025,-0.0063,0.0004,-0.0321,0,0,0,0,0,0,0,0,0,0,-0.0089,-0.022,-0.0126,0.0243,0,-0.0725,-0.01,-0.0181,-0.0526,0.0355,0.1475,-0.0447,0.0068,0.5153,-0.1753,-0.1,-0.5218,-0.0415,-0.1489,-0.1267,-0.1871,-0.1439,-0.0018,-0.1653,-0.1786,0.0108,-0.0192,持平
2011/4/1,0.002,-0.0028,-0.0144,-0.0027,0.0064,-0.006,0.0769,0.0044,-0.0021,-0.0059,0.0007,-0.0088,-0.0185,0.0663,-0.0056,-0.0115,0.0293,0.0275,0.0207,0.0184,0,-0.0211,0.0084,-0.0202,0.0052,0.0416,0.0685,0.0085,-0.0169,-0.2065,0.3278,0.47,0.8403,0.2074,0.2225,0.3378,0.29,0.1507,0.0031,0.3002,0.2893,-0.0448,0.0334,持平
2011/5/1,0.0003,0.0324,-0.0088,-0.0068,-0.0061,-0.0104,0,0.0132,0,0,0,0,0,0,0,0,0.0117,0.0064,0.0051,-0.0564,0,0.0006,0.0301,0.0025,-0.0036,0.0197,-0.0789,-0.0802,-0.0089,0.0153,-0.0524,0.17,-0.002,-0.2794,-0.0443,-0.1084,-0.0621,-0.0197,0.0016,-0.0102,-0.1387,-0.0424,0.0056,持平
2011/6/1,0.0014,-0.0087,0.0374,0.0049,0.0055,0.0034,0,0.0065,0,0,0,0,0,0,0,0,-0.0384,-0.0452,-0.0381,-0.0419,0,-0.0113,0.0137,-0.0017,-0.0729,0.0112,-0.05,-0.0528,0.0024,-0.0452,0.0062,0.35,-0.1696,0.6115,0.0274,0.1105,-0.0064,0.0018,0.0026,0.004,0.1773,-0.0047,-0.0182,持平
2011/7/1,0.0002,0.0214,-0.0032,0.0129,0.0096,0.0065,0.0714,0.0083,-0.0001,-0.0117,0.0088,0.0158,-0.0735,0.2051,-0.0216,-0.0418,0.0343,0.0457,0.0294,0.024,0,0.0477,0.0039,0.0007,-0.0089,0.0322,0.0109,-0.0045,0.0008,0.1842,-0.0004,0.38,0.2406,-0.3205,-0.0214,0.0376,-0.0038,0.0342,0.0024,-0.0932,-0.0949,0.0187,-0.0078,下降
2011/8/1,-0.0008,-0.0065,0.0222,0.0085,-0.0012,-0.0008,0,0.0171,0,0,0,0,0,0,0,0,-0.0948,-0.1089,-0.1056,-0.0653,0,-0.0924,-0.1049,-0.0088,-0.123,0.115,-0.113,-0.232,0.0048,0.2356,0.0062,0.85,-0.2218,-0.2424,0.0098,-0.0516,0.0147,0.0131,0.0053,0.1192,-0.0158,0.0138,-0.1057,下降
2011/9/1,0.0009,0.0216,-0.0088,-0.0067,0.0031,0.0039,0,0,0,0,0,0,0,0,0,0,-0.0133,0.0078,-0.0096,-0.051,0,-0.0416,-0.0531,0.0385,0.0226,0.0021,-0.0085,-0.1406,0.0257,-0.2914,-0.0241,0.16,0.1737,-0.1913,-0.0212,0.1359,-0.0226,-0.0294,0.003,-0.0807,-0.0476,0.0091,-0.0487,持平
2011/10/1,0.0018,-0.0617,-0.0091,-0.0029,0.0047,0.007,0,0.0095,-0.0157,-0.0263,-0.0087,0.001,-0.0863,0.1166,0.0031,-0.0096,0.0305,0.028,0.0284,-0.024,0,0.0044,-0.0002,0.0032,0.0286,-0.0524,0.0096,0.0831,0.019,-0.1421,0.013,-0.02,-0.0138,-0.0213,-0.0584,-0.1032,-0.0256,0.0131,-0.003,-0.0325,-0.0452,-0.0382,-0.0054,持平
2011/11/1,0.0023,-0.0184,0.0171,0.0022,0.0024,0.0031,0,0,0,0,0,0,0,0,0,0,0.025,0.0044,0.0159,0.0231,0,-0.026,0.0428,0.0088,0.0136,0.0435,0.1242,-0.0575,-0.0013,0.0473,0.0184,0.15,-0.1132,0.0764,0.0316,-0.0442,-0.0195,0.0127,0.0013,0.1418,0.08,0.0047,-0.0095,下降
2011/12/1,0.0019,0.1447,0.0212,0.0206,0.0103,0.0295,0,0,0,0,0,0,0,0,0,0,0.023,-0.0018,0.0138,-0.0846,0,0,-0.0033,0.0214,-0.0263,-0.0577,0.0145,-0.0187,0.0008,-0.2542,-0.0062,0.17,0.1453,0.113,-0.0411,0.0462,-0.0007,-0.058,0.002,-0.0988,-0.0446,-0.0047,-0.0421,持平
2012/1/1,-0.0008,0.835,-0.004,0.0157,0.016,0.1949,0,0.0017,0.0254,0.0292,0.0184,0.0117,0.0703,-0.0239,-0.0059,-0.0036,0.0394,0.0546,0.0461,0.0006,0,0.013,-0.0085,0.0094,0.0856,0.0111,0.0177,-0.0127,-0.0084,-0.1061,-0.0006,0.15,0.4098,0.1883,-0.003,-0.0817,0.0126,0.0237,0.0013,-0.0189,-0.0437,-0.0234,0.0298,上升
2012/2/1,0.002,-0.4972,-0.0006,-0.0067,-0.0025,-0.1044,0,0,0,0,0,0,0,0,0,0,0.0269,0.0675,0.0399,0.0515,0,0.0726,0.0564,-0.019,0.0736,0.0504,0.0194,0.008,-0.0158,1.161,-0.141,-0.11,-0.3159,-0.175,-0.0835,-0.03,-0.1159,-0.0502,0.0005,-0.1275,-0.0384,0,0.0946,持平
2012/3/1,0.0009,-0.0184,-0.0175,-0.0032,0.0022,-0.0211,0,0,0,0,0,0,0,0,0,0,0.0148,0.0365,0.0272,0.0076,0,0.0779,0.0633,0.0079,0.0085,-0.0391,0.0386,0.1032,-0.0004,-0.1686,0.0699,-0.02,-0.2782,-0.0094,0.0774,-0.1554,0.0934,-0.0211,-0.0015,0.0953,-0.031,0.0167,0.0209,下降
2012/4/1,0.0045,0.0025,-0.0009,-0.0048,-0.0008,-0.0076,0,0,-0.0016,0.008,-0.0004,0.0103,0.0271,-0.1154,0.0018,0.0163,-0.0037,-0.0003,-0.002,-0.0114,0,-0.0336,-0.013,-0.001,-0.0292,-0.015,-0.0269,-0.0619,-0.0021,-0.3349,0.1262,0.15,0.6787,0.2516,0.1242,0.3681,0.1263,0.0634,0.0014,0.1192,0.1197,-0.0188,-0.0498,持平
2012/5/1,0.0004,0.0108,0.0091,-0.0026,-0.0036,-0.0084,0,0,0,0,0,0,0,0,0,0,-0.0238,-0.0444,-0.0326,0.0135,0,-0.0815,-0.0605,0.0193,-0.0746,-0.0377,-0.0835,-0.1169,0.0009,0.0071,-0.0599,0.01,-0.2568,0.0797,-0.0329,-0.0875,-0.0521,-0.0209,0.0013,-0.0319,-0.0064,-0.0168,-0.0346,持平
2012/6/1,-0.0001,0.0227,0.0111,0.0009,0.0012,0.0089,0,0,0,0,0,0,0,0,0,0,-0.0138,-0.0173,-0.0133,-0.0444,0,-0.0231,-0.0428,0.0152,-0.0363,0.0078,-0.13,-0.1015,0.0145,-0.1408,0.0228,0.14,0.2571,0.134,0.0335,0.1519,0.0303,0.0477,0.0019,0.0171,0.0248,0.0049,-0.0291,持平
2012/7/1,0.0024,-0.0112,0.0136,0.0087,0.0023,-0.0027,0,0.0139,0.0169,0.0023,0.0069,-0.0144,0.0027,0.214,0.0363,0.0172,0.0215,0.0245,0.0274,-0.0498,0,0.0142,0.0297,0.0097,-0.0048,-0.0051,0.0671,-0.0681,0.0019,0.0902,0.0188,0.15,-0.0004,0.1891,-0.0553,-0.1041,-0.0509,0.0004,0.0017,-0.0504,-0.0338,0.0218,0.0062,持平
2012/8/1,0.0047,-0.0157,-0.0075,0.0102,0.0073,0.0008,0,-0.0014,0,0,0,0,0,0,0,0,0.0251,0.0385,0.0321,-0.0251,0,0.0216,0.0411,-0.0113,0.077,0.0235,0.0708,0.114,-0.0006,0.1654,-0.0069,0.48,-0.2497,-0.1616,0.0497,0.0852,0.0447,0.0192,0.0026,0.0339,0.1544,0.0238,0.031,持平
2012/9/1,0.0017,0.0492,-0.0016,0.0014,-0.0027,0.0118,0,-0.0027,0,0,0,0,0,0,0,0,0.0216,0.0343,0.0285,-0.0209,0,-0.0001,0.031,-0.028,-0.0093,0.0729,0.0042,0.0256,-0.0149,0.0194,0,0.1,0.0826,-0.0664,0.0089,0.0206,0.0032,-0.0195,0.0018,-0.0138,-0.1522,0.0209,0.027,持平
2012/10/1,0.0019,-0.0659,0.0041,-0.004,0.0003,-0.0016,0,-0.0082,0.0023,-0.0086,-0.0054,0.0118,-0.03,0.1247,0.0027,-0.013,-0.0028,-0.0244,-0.0039,0.0145,0.0271,-0.0135,-0.2422,-0.001,-0.0539,-0.0025,-0.0527,0.0054,-0.0086,-0.1709,0.0327,-0.01,-0.0753,-0.2435,-0.0399,-0.1096,-0.0357,0.0039,-0.002,0.0965,-0.0136,-0.0182,-0.0226,持平
2012/11/1,-0.003,-0.0216,0.0044,0.0047,0.0048,0.0107,0,-0.0028,0,0,0,0,0,0,0,0,-0.0362,-0.039,-0.0301,-0.0273,-0.0461,0.0263,-0.023,0.0117,-0.0099,-0.0132,-0.0317,-0.0462,-0.0048,0.0382,0.0219,0.04,0.2133,-0.0824,0.027,0.096,0.0236,0.0133,0.0017,-0.0458,0,0.0023,-0.0245,上升
2012/12/1,0.0031,0.1919,0.0366,0.029,0.01,0.0252,0,0,0,0,0,0,0,0,0,0,0.0192,0.0213,0.0199,0.0401,0.0301,0.0833,0.1336,-0.012,0.0351,-0.0215,0.0174,0.0381,-0.0018,0.125,0.0679,0.07,0.1842,0.0012,-0.0187,-0.09,-0.006,-0.0319,0.0017,-0.0654,-0.0822,-0.0139,0.0517,持平
2013/1/1,0.0042,0.2648,0.0251,0.0107,0.0105,0.0614,0,0,-0.003,0.0196,0.0114,-0.0087,0.0593,-0.2262,-0.001,0.0319,0.0358,0.0407,0.0409,0.0877,0.1069,0.0954,0.0774,0.0022,0.0609,-0.0083,0.0746,0.1085,0.001,0.0588,-0.0329,0.14,-0.0684,0.3863,-0.0198,-0.0954,-0.029,0.0143,0.0013,0.0458,0.0777,-0.0211,0.0168,持平
2013/2/1,-0.0001,0.038,-0.0081,0.0063,0.0056,0.0648,0,0,0,0,0,0,0,0,0,0,0.0259,0.0139,0.0216,0.0314,0.0275,0.0545,0.0281,0.0088,0.0445,-0.0257,0.0052,0.0412,0.0188,-0.4395,-0.0578,0.07,0.2522,0.0131,0.0449,0.1518,0.0702,0.0161,0.0005,-0.0195,0.1167,-0.0048,0.0224,持平
2013/3/1,-0.005,-0.3354,-0.0015,0.0018,0.0033,-0.0435,0,0,0,0,0,0,0,0,0,0,0.0323,0.0211,0.0255,-0.0366,-0.0439,0.0801,0.002,0.0252,0.0208,-0.0221,-0.0248,-0.0111,0.0037,0.674,-0.2178,-0.3,-0.3943,-0.1104,-0.1785,-0.2334,-0.2337,-0.1492,-0.0018,-0.2222,-0.2764,0.0192,-0.0033,持平
2013/4/1,0.0008,0.0073,0.0054,-0.0036,0.0013,-0.0101,0,0,0.0099,-0.0041,0.0081,-0.0009,-0.0348,0.1948,0.0125,-0.0074,0.0179,0.0047,0.0128,-0.0369,-0.0343,0.08,-0.0172,-0.0007,-0.01,-0.0672,-0.0096,-0.1105,0.0027,-0.1118,0.2381,0.18,0.1414,0.3274,0.2244,0.2278,0.2386,0.1396,0.0005,0.401,0.4291,-0.0165,-0.0018,上升
2013/5/1,0.0008,0.0113,-0.0054,0.0071,0.0013,-0.0025,0,0,0,0,0,0,0,0,0,0,0.0338,0.0581,0.044,0.0238,0.0274,0.0989,0.0395,0.008,0.0788,-0.0464,0.0292,0.1074,-0.0012,0.2444,0.001,0.05,0.4209,-0.3011,-0.0212,0.0366,-0.0082,-0.027,0.0007,-0.0736,-0.0768,-0.024,0.048,持平
2013/6/1,0.0008,0.0107,0.0353,0.0104,0.0078,0.0012,0,0,0,0,0,0,0,0,0,0,-0.009,-0.0069,-0.0128,-0.0642,-0.0889,-0.0981,-0.0087,-0.016,0.0107,-0.052,0.011,0.1941,0.0048,-0.1845,0.0262,0.11,0.0356,0.769,0.0496,0.0775,0.0446,0.0322,0.0013,0.056,0.0785,-0.0025,-0.0342,持平
2013/7/1,-0.0019,0.0099,-0.0013,0.0103,0.0075,-0.0005,0,-0.0003,0.0079,0.0028,0.0035,-0.0054,0.0063,0.0637,0.0051,-0.0026,0.0236,0.0418,0.0308,-0.0498,-0.0578,0.0924,0.0191,0.0122,0.026,-0.0432,0.0914,0.1209,0.0005,0.2993,-0.0333,0.09,-0.3052,-0.1658,-0.0343,0.0447,-0.06,0.0103,0.0018,0.0007,0.0085,0.0197,0.0141,持平
2013/8/1,0.0002,-0.0186,0.0015,0.0067,0.0032,-0.0073,0,0,0,0,0,0,0,0,0,0,-0.0127,0.0225,0.0008,0.0299,0.0446,-0.0413,0.0921,-0.0174,-0.0227,0.0534,0.019,0.0641,0.0002,-0.1798,0.0324,0.68,0.1203,-0.3711,0.0551,-0.0199,0.0467,0.0212,0.0021,-0.0391,-0.0605,0.0266,-0.021,持平
2013/9/1,0.0039,0.0205,-0.0081,-0.0032,0.0001,0.0051,0,0,0,0,0,0,0,0,0,0,0.0049,0.0251,0.0102,0.0538,0.0384,0.047,0.0513,-0.0032,0.0418,-0.0033,-0.0026,0.0257,-0.0106,-0.0274,0.006,0.17,0.2888,0.0155,-0.0192,0.0023,0.0076,-0.0244,0.0016,0.0062,-0.1309,0.0188,0.0329,持平
2013/10/1,-0.0027,-0.0268,0.0069,0.0044,0.0059,0.0006,0,0,0.0149,0.0231,0.0183,0.0009,0.0495,-0.0701,0.0134,0.0251,0.0013,0.0313,0.0195,0.0006,0.007,-0.003,0.0116,-0.0162,0.0227,-0.0233,-0.0537,-0.0716,-0.0083,0.162,0.0521,0.06,-0.0185,0.3538,-0.0418,-0.0451,-0.0517,0.029,-0.0017,-0.0155,0.1354,-0.0208,0.0211,持平
2013/11/1,0.0011,-0.0141,0.0167,0.0036,0.002,0.0122,0,0,0,0,0,0,0,0,0,0,0.038,0.0284,0.0369,-0.0113,-0.0244,0.0421,0.0622,0.0119,0.0108,-0.0328,-0.0666,0.0416,0.0046,-0.1273,0.0296,0.15,0.0537,-0.1666,0.0263,0.0008,0.0472,0.0126,0.0016,0.0421,-0.0348,0,-0.0154,持平
2013/12/1,0.003,0.1201,0.0392,0.0273,0.0081,0.0236,0,0,0,0,0,0,0,0,0,0,0.0142,0.0299,0.0136,0.0007,-0.0118,0.0485,0.0164,-0.0064,0.028,-0.0382,0.0431,0.0682,0.0072,0.0278,0.0408,0.24,-0.3557,0.1929,-0.0226,-0.0586,-0.02,-0.0279,0.002,-0.0322,-0.0476,-0.0189,0.0236,持平
2014/1/1,0.0033,0.9056,0.0204,0.024,0.013,0.2361,0,0.0003,0.0059,0.0099,0.0014,0.0407,0.0108,-0.0424,0.0123,0.0193,0.0092,0.0193,0.0081,-0.0587,-0.0644,-0.0049,-0.0016,0.0067,0.029,0.0146,-0.0297,-0.0173,0.0131,0.0946,0.0326,0.06,0.5301,0.5536,0.0345,-0.0242,0.0323,0.0398,0.0008,0.0249,0.2002,-0.0192,0.0161,持平
2014/2/1,0.0001,-0.5271,-0.0247,-0.008,0.0034,-0.1276,0,0,0,0,0,0,0,0,0,0,-0.0176,0.0109,-0.0029,0.0271,-0.0065,-0.0617,-0.0161,-0.0053,0.0293,0.0479,0.0599,-0.0515,0.006,-0.179,-0.1475,0.05,-0.0703,-0.4611,-0.041,-0.0142,-0.0316,-0.0041,0.0004,-0.0634,-0.1762,-0.0147,-0.0083,持平
2014/3/1,0.0067,0.023,0.0111,0.0019,0.0043,-0.0233,0,0,0,0,0,0,0,0,0,0,0.0219,0.0183,0.0256,-0.0262,-0.0573,0.0053,0.0465,-0.0069,0.0475,0.0262,-0.0016,0.0075,0.0032,0.391,-0.1492,-0.08,-0.2914,0.146,-0.1039,-0.1034,-0.1531,-0.1557,-0.0014,-0.1202,-0.0657,0.0174,0.0225,持平
2014/4/1,0.0014,-0.0082,0.0024,0.0023,0.0036,-0.0046,0,0,0.0124,0.0005,0.0101,-0.0112,-0.0147,0.1586,0.0242,0.0081,0.0056,-0.0367,0.0004,0.0185,0.0233,-0.0149,-0.0528,0.0001,0.0075,-0.0284,0.0152,-0.0089,-0.007,-0.0216,0.2407,0.19,0.265,0.4576,0.1769,0.1414,0.2035,0.1355,0.0007,0.3122,0.37,-0.0147,0.0245,持平
2014/5/1,0.0005,0.0501,-0.0144,-0.0067,-0.0006,0.0024,0,0,0,0,0,0,0,0,0,0,0.0102,0.0039,0.0137,-0.0215,-0.021,-0.0091,-0.0015,0.0009,0.0055,-0.0081,-0.0012,-0.0518,-0.0023,-0.0663,0.0257,0.16,0.1124,-0.1601,-0.0081,0.0264,0.028,0.0048,0.0013,-0.0407,-0.0736,-0.0298,0.004,持平
2014/6/1,0.0004,-0.0432,0.0187,0.0049,0.0021,0.0006,0,0,0,0,0,0,0,0,0,0,0.0167,0.0477,0.0303,0.0065,0.0039,0.055,0.0557,0.0059,0.073,-0.0045,0.0318,0.0155,-0.0045,0.0888,-0.0238,0.17,-0.1492,-0.3065,0.0426,0.0779,0.0121,0.0223,0.0014,-0.0037,-0.0841,-0.0153,0.0328,持平
2014/7/1,-0.0004,0.0781,0.0123,0.0142,0.0096,-0.0023,0,0,0.0113,0.0145,0.0119,0.0089,0.0249,-0.0258,0.0222,0.0288,0.0086,0.0234,0.0134,0.0212,0.0169,0.0164,0.0437,0.0013,0.0199,0.0226,-0.0256,-0.0241,-0.0014,0.2663,0.019,0.14,-0.0366,0.3361,-0.004,-0.0071,-0.0266,0.012,0.0008,0.0057,0.1388,0.0182,0.0265,持平
2014/8/1,0.0023,-0.0301,0.0036,0.0073,0.0046,0.0103,0,0,0,0,0,0,0,0,0,0,-0.0125,0.0069,-0.0059,0.0633,0.0723,-0.0013,-0.0282,0.0164,-0.0212,-0.0125,-0.0622,-0.0467,0.0009,-0.2532,-0.0177,0.74,0.1279,-0.0198,0.0391,0.0512,0.0474,0.0085,0.0025,-0.0089,-0.0647,0.0255,-0.022,持平
2014/9/1,0.0002,-0.0027,-0.0027,-0.0062,-0.0066,-0.0021,0,0,0,0,0,0,0,0,0,0,0.0193,0.0194,0.0162,0.0445,0.0157,0.0384,0.0365,0.0307,0.0336,-0.0442,-0.0303,0.0484,0.0049,-0.1322,0.0046,0.22,-0.1744,-0.259,-0.0017,0.0129,-0.0369,-0.0305,0.0017,0.0479,-0.0274,0.0149,-0.004,下降
2014/10/1,-0.0009,-0.0492,0.004,-0.0007,0.0043,0.0083,0,0,0.005,0.0061,0.0062,0.0096,0.0035,-0.0057,0.0003,0.0011,-0.0232,-0.0326,-0.0281,0.0162,0.0041,-0.0348,-0.0359,0.016,-0.0682,-0.0118,-0.0947,-0.0947,0.0092,0.1126,0.1424,-0.03,0.1782,0.1868,-0.0146,-0.0428,0.0036,0.0317,-0.0008,-0.0572,0.031,-0.0294,-0.0444,持平
2014/11/1,-0.0062,0.0041,0.0037,0.0077,0.0096,0.0116,0,0,0,0,0,0,0,0,0,0,0.0567,0.0646,0.0554,0.0589,0.0367,0.1159,0.0581,0.0236,0.0865,-0.0377,-0.1054,0.0147,0.0109,-0.1548,0.0516,0.13,-0.0798,-0.1977,0.0286,-0.0055,0.0327,0.0027,0.0018,0.0289,-0.0684,-0.0025,0.0223,持平
2014/12/1,-0.0005,0.0966,0.0241,0.0204,0.0125,0.0184,0,0,0,0,0,0,0,0,0,0,0.006,0.0096,0.0047,0.201,0.2365,0.0211,-0.0054,0.017,0.0522,0.019,-0.2161,-0.0507,0.0215,0.3169,-0.018,0.16,-0.0632,0.067,-0.0391,-0.0631,-0.06,-0.0343,0.0015,0.0021,0.1208,-0.0152,0.0103,持平
2015/1/1,-0.0085,0.1185,0.0002,0.0038,0.0089,0.0094,0,0,0.0064,-0.0049,0.005,-0.0199,-0.0193,0.1364,0.0083,-0.0083,-0.0119,-0.0125,-0.0127,0.1,0.0953,-0.0152,0.1034,0.0436,-0.0226,0.0442,-0.193,-0.1501,0.0082,-0.0695,0.0393,0.1,0.1925,0.1395,0.0367,-0.0219,0.053,0.0568,0.0011,-0.023,-0.0412,-0.0257,0.019,持平
2015/2/1,-0.0011,0.6677,0.0148,0.0178,0.0147,0.1394,0,0,0,0,0,0,0,0,0,0,0.023,0.0386,0.0266,-0.0326,-0.0066,0.0451,0.0793,0.014,0.0335,-0.0214,0.069,0.0515,-0.0031,-0.4655,-0.1014,0.14,0.0181,-0.1515,-0.0242,-0.0103,-0.0031,-0.0326,0.0007,-0.0041,0.0567,-0.0211,0.0241,持平
2015/3/1,0.0066,-0.5037,-0.0069,-0.0088,0.0001,-0.0808,0,0,0,0,0,0,0,0,0,0,-0.0008,0.0173,-0.0011,0.0933,0.0776,0.0634,0.0243,0.0374,0.0245,-0.0389,-0.0621,0.0357,-0.0037,1.1183,-0.2288,-0.34,-0.3643,-0.1121,-0.1663,-0.154,-0.2027,-0.1438,0,-0.2184,-0.2676,-0.0054,0.011,持平
2015/4/1,-0.0014,0.0076,-0.0032,0.0048,0.006,-0.0095,0,0,-0.0137,0.0217,0.0128,0.0124,0.05,-0.3645,-0.0372,0.0114,0.0022,0.0097,0.0072,0.2016,0.1625,0.0297,0.0598,-0.0031,-0.0157,0.0188,0.1363,-0.0557,-0.0145,-0.0152,0.2853,0.27,0.0468,0.3383,0.2284,0.2068,0.2622,0.1184,0,0.2761,0.3668,0.0081,0.0072,持平
2015/5/1,0.0012,0.0116,-0.0023,-0.002,0.0015,-0.0112,0,0,0,0,0,0,0,0,0,0,0.0086,0.0087,0.0082,0.0673,0.0808,0.0104,0.0156,-0.0245,0.0171,-0.0008,0.0927,0.1377,-0.0115,-0.1186,-0.0304,0.03,-0.0271,-0.0648,-0.0512,0.0043,-0.0371,-0.0093,0.0009,-0.0798,-0.1334,-0.0242,0.0009,持平
2015/6/1,0.0012,0.0168,0.0155,0.0011,-0.0035,-0.0022,0,0,0,0,0,0,0,0,0,0,-0.0109,0.0087,-0.006,0.0739,0.0912,0.0215,-0.0058,-0.0003,0.0083,-0.0151,0.0069,0.0753,0.0092,0.0643,-0.0447,0.14,0.2486,-0.0913,0.0083,0.073,-0.0183,-0.0015,0.001,0.0727,0.0149,-0.0028,-0.0345,下降
2015/7/1,-0.0005,0.0535,0.0022,0.0068,0.0052,0.0007,0,0,-0.001,-0.0117,-0.011,-0.0021,-0.0195,0.1724,-0.0016,-0.0178,-0.0074,0.0019,-0.0024,-0.198,-0.2466,-0.0015,0.0467,0.0186,-0.0796,-0.0431,-0.1454,-0.0179,0.0092,0.022,0.0294,0.07,0.2359,0.6117,0.0007,0.0032,0.0054,0.0255,0.0004,-0.0982,0.0736,0.0249,-0.0418,下降
2015/8/1,0.0003,-0.0443,0.0241,0.0169,0.0067,0.0014,0,0,0,0,0,0,0,0,0,0,-0.0412,-0.0292,-0.0259,-0.0661,-0.0326,-0.0223,-0.0211,-0.0066,-0.0627,-0.0098,-0.1612,-0.0663,0.0326,-0.0161,0.0047,0.58,-0.2301,0.0193,0.0072,0.0615,0.0159,-0.007,0.0021,0.0248,-0.0251,0.0296,-0.0901,持平
2015/9/1,0.0018,-0.0027,-0.0038,-0.0007,-0.0001,0.0075,-0.0667,0,0,0,0,0,0,0,0,0,-0.0423,-0.0378,-0.0468,-0.1297,-0.1727,-0.0991,-0.0538,-0.0058,-0.0223,0.0042,0.0595,0.0024,0.0147,-0.1858,-0.0181,0.09,-0.1187,-0.1693,-0.0416,-0.0453,-0.0564,-0.0144,0.0019,0.0495,0.0319,0.0209,0.0061,上升
2015/10/1,0.0033,-0.0418,-0.0014,0.0019,0.004,0.002,0,-0.009,0.0003,0.0073,0.0161,0.0086,-0.0151,-0.0954,0.0003,0.011,0.0516,0.0276,0.0414,0.0686,0.1179,0.024,0.0104,-0.0008,0.0664,0.0324,0.0186,-0.0499,-0.0072,0.1342,0.1929,-0.13,0.119,-0.1234,-0.0041,-0.0389,0.0089,0.0144,-0.0013,-0.0326,-0.0678,-0.0026,0.042,持平
2015/11/1,-0.003,-0.008,0.0141,0.0021,0.0024,0.0043,0,-0.0098,0,0,0,0,0,0,0,0,0.0316,0.0417,0.0276,0.0654,0.0961,0.0657,0.1316,0.0351,0.028,-0.0659,-0.0731,0.0998,0.0057,-0.0059,0.0371,0.05,-0.1535,0.0889,0.0145,0.0243,0.0353,0.0222,0.0009,0.0667,0.0927,0.0026,-0.0056,持平
2015/12/1,-0.0006,0.0985,0.0324,0.0233,0.0108,0.0208,-0.0714,0,0,0,0,0,0,0,0,0,-0.0102,-0.0083,-0.0128,-0.0043,0.0199,-0.0194,0.0324,-0.008,0.0133,-0.0124,-0.13,-0.0108,0.0064,-0.0417,-0.0339,0.11,0.0865,0.0405,-0.0461,-0.0545,-0.0477,-0.0302,0.0011,-0.0806,0.0304,0.0026,-0.0241,下降
2016/1/1,-0.0013,0.6116,0.002,0.0059,0.0089,0.0514,0,-0.0095,0.0079,0.0041,0.0081,0.0502,-0.0376,0.0809,-0.0043,-0.0128,-0.0705,-0.0853,-0.066,-0.1587,-0.1812,-0.099,-0.0451,0.0072,-0.1041,0.0252,-0.1535,-0.0735,0.0178,-0.0062,-0.0401,0.08,0.2489,-0.0467,0.0428,0.0033,0.0312,0.0453,0.0006,0.0027,-0.1119,-0.0102,-0.0515,上升
2016/2/1,0.0031,-0.2099,-0.0124,0.0036,0.0044,0.0379,0,-0.015,0,0,0,0,0,0,0,0,-0.0003,-0.032,-0.0074,-0.0604,-0.045,-0.0552,0.0117,-0.0203,-0.0081,0.0969,-0.0332,-0.1435,-0.0057,-0.4338,-0.108,0.05,-0.1985,0.0582,-0.0416,-0.05,-0.0191,-0.0204,0.0001,-0.0022,0.0916,0,0.0478,上升
2016/3/1,0.0028,-0.2626,0.0083,-0.0035,-0.0001,-0.0389,-0.0769,0,0,0,0,0,0,0,0,0,0.0615,0.0653,0.0617,0.0376,0.0069,0.0337,0.0298,-0.0081,0.1045,0.0336,0.2427,0.0607,-0.0193,1.1523,-0.1894,-0.26,-0.5817,-0.3052,-0.1565,-0.1377,-0.194,-0.1863,-0.0012,-0.1958,-0.2406,0.0207,0.0535,持平
2016/4/1,0.002,-0.0073,0.0028,0.0055,0.0048,-0.006,0,-0.0167,0.0045,0.0108,0.0035,-0.0323,0.0623,-0.1063,0.0134,0.0264,0.0313,0.029,0.0265,0.0332,0.0515,-0.0209,0.0581,-0.0195,0.0179,-0.0009,0.0833,-0.0463,-0.0076,-0.3179,0.3171,0.07,1.5223,0.2269,0.2725,0.1892,0.3183,0.1608,0.0005,0.2682,0.3079,-0.0152,-0.0138,持平
2016/5/1,0.0016,0.0521,-0.0066,-0.0066,-0.0052,-0.0115,0,-0.0103,0,0,0,0,0,0,0,0,-0.0085,-0.0212,-0.0048,-0.0483,-0.0466,0.0042,0.021,0.0017,-0.0241,0.012,0.1437,0.0026,0.0067,0.0451,-0.0976,0.01,-0.431,-0.0833,-0.0628,0.0291,-0.0691,-0.0084,0.0003,-0.0387,-0.0826,-0.0077,-0.0389,上升
2016/6/1,-0.0001,-0.0181,0.015,0.0029,0.0039,0.0011,0,0,0,0,0,0,0,0,0,0,0.0035,0.0142,0.0089,0.0138,0.0319,-0.0327,-0.0078,0.0017,0.0604,0.0154,0.0386,-0.0901,-0.0075,0,0.0161,0.07,0.3943,0.7651,0.0693,0.0831,0.0472,0.0185,0.0005,0.0602,0.1662,-0.0052,0.0437,持平
2016/7/1,0.0008,0.0427,-0.0107,0.0107,0.0057,0.0041,-0.0833,-0.0019,0.0097,0.0058,0.0005,0.008,0.0178,0.0576,0.0251,0.022,0.033,0.0345,0.0312,0.0406,0.0407,0.0062,0.0729,0.0195,0.0456,0.0482,-0.0755,-0.0859,-0.0064,0.1295,0.0526,0.08,0.1225,-0.116,0.0158,-0.0069,0.0018,0.0241,0.0006,-0.0265,-0.032,0.0208,0.0355,持平
2016/8/1,-0.001,-0.0257,0.0212,0.0184,0.0023,-0.0018,0,-0.0157,0,0,0,0,0,0,0,0,0.0084,0.0384,0.0133,0.011,-0.0049,0.0258,0.072,-0.0126,0.0797,-0.0002,-0.0081,0.0371,-0.0173,0.0892,-0.0198,0.48,0.1035,0.1956,0.0001,0.0379,-0.0075,0.0072,0.0021,0.0438,0.0707,0.0255,0.0218,持平
2016/9/1,0.0017,-0.0111,-0.0133,-0.0061,-0.0026,0.0064,0,0,0,0,0,0,0,0,0,0,-0.0123,0.0071,-0.0091,-0.0044,-0.0005,0.0091,-0.0117,0.0011,0.0223,-0.0094,0.0083,0.0478,-0.0029,-0.2105,0.0788,0.1,-0.0938,-0.0347,0.0335,0.0141,0.0413,0.0102,0.0015,0.0052,0.0255,0.0149,0.0041,持平
2016/10/1,0.0043,-0.0473,0.014,0.0077,0.0025,0.0041,0,-0.003,0.0065,0.0083,0.0095,-0.001,0.0118,-0.0773,0.0441,0.0561,-0.0045,0.0003,-0.0068,0.0163,0.0155,0.0184,-0.0451,0.0236,0.0244,-0.0466,0.1056,0.0774,0.0035,-0.0593,0.128,-0.06,0.0943,-0.0902,-0.0104,-0.0698,-0.0661,-0.0051,-0.0012,-0.086,-0.0264,-0.0221,0.0157,持平
2016/11/1,0.0007,0.0187,0.0009,-0.0032,0.0018,0.002,0,0,0,0,0,0,0,0,0,0,0.0282,0.0009,0.0102,0.0355,0.0105,0.0378,-0.0307,0.0215,0.0337,-0.0242,-0.0816,0.2177,0.0059,0.2677,-0.009,0.1,-0.3322,0.3224,0.0032,0.0387,0.0339,0.0241,0.0015,0.1795,0.1398,-0.01,-0.019,持平
2016/12/1,-0.0004,0.0878,0.0253,0.0216,0.0087,0.0252,0,0,0,0,0,0,0,0,0,0,0.0543,0.029,0.0377,-0.0124,-0.0402,0.0778,-0.0005,0.0221,0.0575,-0.0674,0.1384,0.1633,0.0083,-0.1801,0.0218,0.18,0.053,-0.2299,0.0246,-0.0524,0.0314,0.012,0.0014,-0.0472,-0.0815,-0.0203,0.0162,持平
2017/1/1,-0.0032,0.9516,-0.0092,0.009,0.0088,0.186,0,0,0.0048,-0.0065,0.004,-0.0419,-0.0088,0.2387,-0.0073,-0.0284,0.0099,0.0274,0.0127,-0.0062,-0.036,0.0067,0.0287,-0.0087,0.033,0.0368,0.0086,-0.0248,-0.0104,-0.1894,-0.064,0.12,0.3486,0.159,-0.0008,-0.0024,0.0057,0.0207,0.0007,0.0244,0.0271,-0.0207,0.0116,持平
2017/2/1,0.0053,-0.5091,-0.0235,-0.0101,0.0035,-0.1042,0,0,0,0,0,0,0,0,0,0,0.0259,0.0366,0.0241,0.024,0.0184,-0.0003,0.1324,-0.0043,0.0465,0.0358,0.016,-0.0029,-0.0257,0.6262,-0.1377,0.06,0.0526,-0.1025,-0.0741,-0.074,-0.0787,-0.0292,0.0006,-0.0775,-0.099,-0.0026,0.0344,持平
2017/3/1,-0.0017,-0.0345,0.0089,-0.0061,0.0013,-0.0185,0,0,0,0,0,0,0,0,0,0,0.0195,0.0174,0.0158,0.0091,0.0249,0.0079,0.0365,-0.0003,0.0251,-0.0036,-0.0715,0.0251,-0.008,0.1494,-0.0742,-0.09,-0.4374,-0.1864,-0.0722,-0.0686,-0.084,-0.1529,-0.0012,-0.0718,-0.0971,0.0185,0.0126,持平
2017/4/1,0.0004,0.0049,-0.0023,-0.0014,0.0038,-0.0073,0,-0.0004,0.0067,0.011,0.0073,0.0519,-0.0061,-0.05,0,0.0055,-0.0066,0.008,-0.0032,-0.0085,-0.0075,-0.0312,0.0196,-0.0071,-0.0015,0.032,0.0291,-0.0754,-0.0081,-0.26,0.2221,0.21,0.5759,0.1007,0.1817,0.1398,0.2121,0.1521,0.0005,0.1276,0.1563,-0.0182,0.0005,持平
2017/5/1,0.0007,0.1012,-0.0023,0.0012,-0.0021,-0.0034,0,0,0,0,0,0,0,0,0,0,0.0122,0.036,0.0153,-0.0369,-0.0482,0.0529,0.0112,-0.0181,0.0538,-0.0189,-0.0481,0.0052,-0.0082,0.1419,-0.1305,0.11,-0.0453,0.0929,-0.1284,-0.0025,-0.1165,-0.0379,0.0012,-0.0675,-0.0675,-0.0291,0.0197,持平
2017/6/1,0.0008,-0.084,0.0219,0.0064,0.0016,-0.0016,0,0,0,0,0,0,0,0,0,0,0.0182,0.0162,0.0161,0.0165,0.0289,0.0162,0.0508,-0.0136,0.035,0.0115,-0.0711,-0.0517,0.0046,0.2544,0.0382,0.12,-0.1285,-0.1562,0.0941,0.0705,0.0692,0.0329,0.0007,0.041,0.0679,-0.0027,0.0265,持平
2017/7/1,0.0016,0.0802,0.0005,0.0103,0.0027,0.0029,0,0.0004,0.0099,-0.0163,0.0079,0.0052,-0.0924,0.3675,0.0624,0.0309,0.0124,0.0113,0.0083,0.0243,0.019,0,0.0232,-0.0215,0.002,-0.0194,0.0332,0.0584,0.0043,-0.0708,0.099,0.19,0.1475,-0.2491,0.0351,0.0107,0.0349,0.0251,0.0006,0.011,-0.0833,0.0219,0.0163,持平
2017/8/1,0.0004,-0.0407,0.0144,0.0173,0.007,0.0024,0,0,0,0,0,0,0,0,0,0,0.0154,0.0027,0.0009,0.0203,0.0166,-0.0187,0.0422,-0.0172,-0.0009,0.039,0.0291,-0.0453,-0.0051,0.2741,-0.0422,0.62,0.3072,-0.1417,-0.0283,0.0402,-0.0295,-0.0002,0.0019,0.0594,0.1093,0.0267,0.001,持平
2017/9/1,0.0014,-0.0119,-0.0164,-0.0076,-0.0042,0.0063,0,0,0,0,0,0,0,0,0,0,0.0118,0.0185,0.0149,0.023,0.0429,0.0129,0.0338,-0.009,0.0446,0.0253,0.0331,-0.0026,-0.0038,0.0239,0.0455,0.14,-0.0764,0.0002,0.068,0.0182,0.0676,0.0385,0.0015,0.0198,0.0057,0.013,0.0062,持平
2017/10/1,0.0035,-0.0283,0.0141,0.0065,0.0046,0.0046,0,0.0004,0.0119,0.0166,0.0076,-0.0179,0.0682,-0.035,0.0035,0.0088,0.0389,0.0272,0.0257,0.007,0.0263,0.0674,0.0505,0.0144,0.0773,-0.0281,0.0392,0.0709,0.0043,-0.1401,0.1149,-0.03,0.0548,0.3871,-0.0157,-0.0265,-0.039,-0.001,-0.0011,0.0348,0.0233,-0.0308,0.0174,持平
2017/11/1,0.0057,0.0138,0.0045,-0.0022,0.0039,0.0034,0,0,0,0,0,0,0,0,0,0,0.0226,0.0292,0.0143,0.0004,0.0031,0.0592,0.047,0.0033,0.0702,0.0015,0.0997,-0.0016,-0.0059,0.276,0.0121,0.12,-0.0554,0.2224,-0.0202,-0.0044,-0.0161,0.0025,0.0016,-0.0427,0.0585,-0.0053,0.0055,持平
2017/12/1,0.0017,0.0875,0.0189,0.0114,0.0043,0.0149,0,0,0,0,0,0,0,0,0,0,0.0419,0.0138,0.0273,-0.0279,-0.031,0.0108,0.0089,-0.0072,-0.0416,-0.0117,0.0218,0.0209,-0.0041,-0.195,0.0412,0.21,0.0559,-0.2775,0.014,-0.0554,0.0196,0.0162,0.0014,0.0445,-0.0102,-0.0107,-0.0225,上升
2018/1/1,-0.0021,0.2039,0.0161,0.0066,0.0054,0.0159,0,-0.0004,0.002,0.0118,0.0051,0.0255,0.0202,-0.1158,0.0004,0.0157,0.0513,0.0566,0.0471,0.0496,0.0345,0.0414,0.064,-0.0287,0.0729,0.0511,0.0968,0.0746,-0.018,0.3084,-0.0113,0.12,0.0864,0.2837,0.0243,-0.0227,-0.0042,0.0157,0.0006,0.0177,-0.0758,-0.0135,0.048,持平
2018/2/1,0.0018,0.4694,0.0021,0.0121,0.0077,0.0943,0,0,0,0,0,0,0,0,0,0,-0.0319,-0.0162,-0.0303,-0.0465,-0.0717,-0.0726,0.0447,-0.0104,-0.0232,0.0007,-0.0223,0.1071,-0.0061,-0.4175,-0.1193,0.12,0.0631,-0.0365,-0.0277,-0.012,0.0371,-0.0148,0.0004,-0.0818,0.1012,-0.0082,-0.0261,持平
2018/3/1,0.0008,-0.4687,-0.0083,-0.0086,-0.0005,-0.0498,0,0,0,0,0,0,0,0,0,0,-0.016,0.0209,-0.0009,-0.0147,0.0353,-0.0271,0.0738,0.0014,0.0551,-0.0057,0.0097,-0.0055,-0.0015,0.5723,-0.2482,-0.32,-0.3617,-0.2456,-0.192,-0.1561,-0.213,-0.1737,-0.0012,-0.1957,-0.2478,0.0193,0.0174,持平